Key,Comments,Comments,Russian,English,English - final,Czech,PortugueseBrazilian,Spanish,Polska,SimplifiedChinese,TraditionalChinese,Japanese,Korean,Deutsch,French,Italiana,Turkish,Hungarian,Ukrainian,Vietnamese
advisor.wood,"3+ день, доход дерева ниже 50 в день",дерево (это и ниже - иконки),Недостаточно дерева.,Not enough wood.,Not enough wood.,Nemáš dost dřeva.,Madeira insuficiente.,No hay suficiente madera.,Zbyt mało drewna.,木材不够。,木材不足。,木材が不足しています。,목재가 부족합니다.,Nicht genug Holz.,Quantité de bois insuffisante.,Legno insufficiente.,Yeterli odun yok.,Nincs elég fa.,Бракує деревини.,Không đủ gỗ.
advisor.alcohol,меньше 20% жителей получили алкоголь вчера,пиво,Крестьяне слишком устают,The peasants are too tired.,The peasants are too tired.,Rolníci jsou příliš unavení.,Os camponeses estão exaustos.,Los campesinos están demasiado cansados.,Chłopi są zbyt zmęczeni.,平民过于疲惫。,庶民們太疲憊了。,農民が疲れ切っています。,농민들이 너무 피곤합니다.,Die Bauern sind zu müde.,La population paysanne est trop fatiguée.,I popolani sono esausti.,Köylüler çok yorgun.,A parasztok túl fáradtak.,Селяни перевтомлені.,Những nông dân quá mệt mỏi.
advisor.nectar,"в городе больше 30% нектрарозависимых, и меньше половины получило нектар вчера",нектар,Не хватает Нектара,Nectar is running low.,Nectar is running low.,Dochází nektar.,O néctar está acabando.,El néctar se está acabando.,Kończy się nektar.,蜜酿快用完了。,蜜露即將耗盡。,ネクタルが残り少なくなっています。,넥타가 부족합니다.,Der Nektar geht zur Neige.,Les réserves de nectar s'amenuisent.,Nettare in esaurimento.,Nektar azaldı.,Kifogyóban a nektár.,Закінчується нектар.,Mật hoa đang cạn dần.
advisor.housing,больше половины жителей бездомные,домик,Не хватает жилья,Not enough housing.,Not enough housing.,Nemáš dost ubytování.,Casas insuficientes.,No hay suficiente alojamiento.,Zbyt mało mieszkań.,住房不够。,住所不足。,住宅が不足しています。,주거가 부족합니다.,Nicht genügend Wohnhäuser.,Habitations insuffisantes.,Abitazioni insufficienti.,Yeterli ev yok.,Nincs elég szállás.,Бракує житла.,Không đủ chỗ ở.
advisor.tasks,"лорд не успевает сделать инспекцию, здание под его начальством остановилось",инспекция,Лорд не успевает,The lord is too busy.,The lord is too busy.,Lord je příliš zaneprázdněn.,O nobre está muito ocupado.,El señor está demasiado ocupado.,Lord jest zbyt zajęty.,领主正在忙碌。,這位貴族太忙了。,領主が多忙すぎます。,영주가 너무 바쁩니다.,Der Lord ist zu beschäftigt.,Ce seigneur ou cette dame n'est pas disponible.,Il nobile ha troppi impegni.,Asilzade çok meşgul.,A nemes túlságosan elfoglalt.,Вельможа надто зайнятий.,Lãnh chúa quá bận rộn.
advisor.patrols,в городе больше 3 бродяг и 0 патрульных флагов,иконка бродяги,В городе много бродяг,Too many vagabonds in the city.,Too many vagabonds in the city.,Příliš mnoho pobudů ve městě.,Vadios demais na cidade.,Hay demasiados vagabundos en la ciudad.,Zbyt wielu włóczęgów w mieście.,城市里有太多,城裡有太多人,街にはが溢れている,도시에 너무 많음,Zu viele in der Stadt,Il y a trop de parias dans la cité.,Troppi in città,Şehirde çok fazla var,Túl sok a csavargó a városban.,У місті забагато волоцюг.,Có quá nhiều người lang thang trong thành phố.
advisor.scafod,более 5 подозреваемых в преступляниях,подозреваемый,Преступления не расследуются,Crimes go unresolved.,Crimes go unresolved.,Zločiny nikdo neřeší.,Os crimes ficam sem resolução.,Hay crímenes sin resolver.,Przestępcy są bezkarni.,犯罪无法遏制。,有未解決的懸案。,犯罪が野放しにされています。,범죄가 해결되지 않습니다.,Verbrechen bleiben ungestraft.,Les crimes ne sont pas punis.,I crimini non vengono puniti.,Suçlar cezalandırılmıyor.,A bűnügyek megoldatlanok maradnak.,Злочини не караються.,Tội phạm chưa được giải quyết.
advisor.low_money,денег меньше 300 монет,деньги перечеркн,Казна почти пуста,The treasury is nearly empty.,The treasury is nearly empty.,Pokladnice je téměř prázdná.,O tesouro está quase vazio.,Las arcas están casi vacías.,Skarbiec jest niemal pusty.,金库快空了。,國庫快見底了。,国庫が底を尽きようとしています。,금고가 거의 비었습니다.,Die Schatzkammer ist beinahe leer.,Les coffres du royaume sont bientôt vides.,La tesoreria è quasi vuota.,Hazine neredeyse boşaldı.,A kincstár majdnem üres.,Казна майже порожня.,Kho bạc gần như cạn kiệt.
advisor.matriarch,отношения с матриархом ниже 10,крест греха,Церковь недовольна,The church is discontented.,The church is discontented.,Církev je nespokojená.,A Igreja está descontente.,La Iglesia está descontenta.,Kościół jest niezadowolony.,教会表示不满。,教會很不滿意。,教会は不満を抱いています。,교회가 불만족스러워합니다.,Die Kirche ist unzufrieden.,L'Église n'est pas satisfaite.,La Chiesa è insoddisfatta.,Kilise memnuniyetsiz.,Az Egyház elégedetlen.,Церква незадоволена.,Nhà thờ không hài lòng.
advisor.prestige,самый непрестижный город,иконка престижа с стрл вниз,Низкий уровень престижа,Prestige is low.,Prestige is low.,Prestiž je nízká.,Nível de prestígio baixo.,El prestigio es bajo.,Niski prestiż.,声望过低。,威望低落。,名声が低くなっています。,명성이 낮습니다.,Niedriges Prestige.,Votre prestige est faible.,Il prestigio è basso.,Saygınlık düşük.,Alacsony a tekintély.,Низький престиж.,Danh tiếng thấp.
advisor.teach_children,ребенок без таска обучения второй ден подряд,иконка обучения,Ребенок не обучается,The children are not being educated.,The children are not being educated.,Děti se nevzdělávají.,As crianças não estão sendo ensinadas.,No se está educando a los infantes.,Dzieci nie są edukowane.,儿童未能接受教育。,有未受教育的孩童。,子供への教育が行き届いていません。,아이들이 교육받지 않고 있습니다.,Die Kinder erhalten keine Bildung.,Les enfants n'ont pas accès à l'éducation.,I bambini non ricevono un'educazione.,Çocuklar eğitim görmüyor.,A gyerekeket nem oktatják.,Діти не здобувають освіту.,Trẻ em không được giáo dục.
advisor.marry,"холостой лорд муж пола, в то время как на гк есть квесты невест",иконка квест невесты,Лорду пора вступить в брак,It's time for the lord to marry.,It's time for the lord to marry.,"Je čas, aby se lord oženil.",Está na hora do nobre se casar.,Es hora de que el señor se case.,Pora na małżeństwo lorda.,该让领主结婚了。,這位貴族該結婚了。,領主も結婚する時です。,영주가 결혼할 시기가 됐습니다.,Für den Lord wird es Zeit zu heiraten.,Il est temps pour ce noble de se marier.,È ora che il nobile si sposi.,Asilzadenin evlenme vakti geldi.,"Ideje, hogy a nemes megházasodjon.",Вельможі час одружитися.,Đã đến lúc lãnh chúa kết hôn.
advisor.chancellery,в городе более 15 производственных зданий,бумага,Постройте Канцелярию,We need a Chancellery.,We need a Chancellery.,Potřebujeme kancléřství.,Precisamos de uma chancelaria.,Necesitamos una cancillería.,Potrzebujemy kancelarii.,我们需要一座官邸。,我們需要一間官邸。,官庁が必要です。,사무국이 필요합니다.,Wir brauchen eine Kanzlei.,Nous avons besoin d'une chancellerie.,Ci serve una cancelleria.,Bir Şansölyelik'e ihtiyacımız var.,Kancelláriára van szükségünk.,Потрібна канцелярія.,Chúng ta cần một Văn phòng Chính phủ.
advisor.loyality,"лояльность лорда ниже 40, и в последний день падала",перевернт корона,Лояльность лорда падает,A lord's loyalty is decreasing.,A lord's loyalty is decreasing.,Lordova věrnost se snižuje.,A lealdade de um nobre está diminuindo.,La lealtad de un señor está disminuyendo.,Lojalność lorda spada.,领主忠诚度在下降。,一名貴族的忠誠度正在下滑。,領主の忠誠心が低下しています。,영주의 충성도가 감소하고 있습니다.,Die Loyalität eines Lords nimmt ab.,La loyauté d'un seigneur ou d'une dame diminue.,La lealtà di un nobile sta diminuendo.,Bir asilzadenin sadakati düşüyor.,Az egyik nemes hűsége csökken.,Вірність вельможі зменшується.,Lòng trung thành của một lãnh chúa đang giảm.
advisor.slaves_unhappy,вероятность восстания пленников выше 0,несчастье,Пленники несчастны,The prisoners are unhappy.,The prisoners are unhappy.,Vězni jsou nespokojení.,Os prisioneiros estão infelizes.,Los prisioneros están descontentos.,Jeńcy są nieszczęśliwi.,囚犯感到不满。,囚犯們心懷不滿。,囚人の不満が募っています。,수감자들이 불행합니다.,Die Sklaven sind unzufrieden.,Les esclaves sont maussades.,I prigionieri sono infelici.,Mahkûmlar mutsuz.,A foglyok elégedetlenek.,В'язні незадоволені.,Các tù nhân không hài lòng.
advisor.peasants_unhappy,счастье крестьян ниже 30,несчастье,Крестьяне несчастны,The peasants are unhappy.,The peasants are unhappy.,Rolníci jsou nespokojení.,Os camponeses estão infelizes.,Los campesinos están descontentos.,Chłopi są nieszczęśliwi.,平民感到不满。,庶民們心懷不滿。,農民の不満が募っています。,농민들이 불행합니다.,Die Bauern sind unzufrieden.,La population paysanne est maussade.,I popolani sono infelici.,Köylüler mutsuz.,A parasztok elégedetlenek.,Селяни незадоволені.,Các nông dân không hài lòng.
advisor.culture_unhappy,вероятность погрома выше 0,несчатье,Представители культуры несчастны,Members of some cultures are unhappy.,Members of some cultures are unhappy.,Členové některých kultur jsou nespokojení.,Membros de algumas culturas estão infelizes.,Los miembros de algunas culturas están descontentos.,Przedstawiciele niektórych kultur są nieszczęśliwi.,一些文化的成员感到不满。,部分文化背景的成員心懷不滿。,特定の文化圏の人々の不満が募っています。,일부 문화 구성원들이 불행합니다.,Mitglieder einiger Kulturen sind unzufrieden.,Des personnes appartenant à certaines cultures sont maussades.,I membri di alcune culture sono infelici.,Bazı kültürlerin insanları mutsuz.,Egyes kultúrák tagjai elégedetlenek.,Представники деяких культур незадоволені.,Các thành viên của một số nền văn hóa không hài lòng.
advisor.warriros_unhappy,вероятность восстания выше 0,несчатье,Воины несчастны,Warriors are unhappy.,Warriors are unhappy.,Válečníci jsou nespokojení.,Os guerreiros estão infelizes.,Los guerreros están descontentos.,Wojownicy są nieszczęśliwi.,战士感到不满。,戰士們心懷不滿。,戦士の不満が募っています。,전사들이 불행합니다.,Krieger sind unzufrieden.,Les soldats sont maussades.,I guerrieri sono infelici.,Savaşçılar mutsuz.,A harcosok elégedetlenek.,Воїни незадоволені.,Các chiến binh không hài lòng.
advisor.depression,лорд в депрессии,депрессия,Лорд в депрессии,A lord is in depression.,A lord is in depression.,Lord má depresi.,Um nobre está em depressão.,Un señor tiene depresión.,Lord popadł w depresję.,一位领主陷入了抑郁。,一名貴族陷入憂鬱了。,領主が落ち込んでいます。,영주가 우울증에 걸렸습니다.,Ein Lord leidet an Depressionen.,Un seigneur ou une dame déprime.,Un nobile soffre di depressione.,Bir asilzade depresyonda.,Az egyik nemes levert.,У вельможі депресія.,Một lãnh chúa đang bị trầm cảm.
advisor.feud,"один лорд ненавидит другого, 2 день подряд",ненависть (красна яморда),Вражда между лордами,There is rivalry among lords.,There is rivalry among lords.,Mezi lordy panuje rivalita.,Há rivalidade entre os nobres.,Hay rivalidad entre señores.,Trwa rywalizacja między lordami.,领主之间存在竞争。,有貴族彼此仇視。,領主同士の対立があります。,영주들 사이에 경쟁이 생겼습니다.,Es gibt eine Rivalität unter den Lords.,Il y a des rivalités au sein de la noblesse.,C'è rivalità tra i nobili.,Asilzadeler arasında rekabet başladı.,A nemesek rivalizálnak.,Між вельможами ворожнеча.,Có sự cạnh tranh giữa các lãnh chúa.
advisor.train_sodiers,"трен поле не создано или простаивает 3 день подряд, 5+ день",мечи,Солдаты не обучаются,Soldiers are not being trained.,Soldiers are not being trained.,Vojáci se necvičí.,Os soldados não estão sendo treinados.,No se está entrenando a los guerreros.,Wojownicy nie są szkoleni.,士兵没有接受训练。,有未受訓的士兵。,兵士の訓練が行き届いていません。,전사들이 훈련을 받지 않고 있습니다.,Soldaten werden nicht ausgebildet.,Les soldats ne sont pas entraînés.,I soldati non ricevono un addestramento.,Askerler eğitim görmüyor.,Nem képeznek katonákat.,Солдати не проходять вишкіл.,Lính không được huấn luyện.
advisor.knowledge,книга куплена но не изучается 2 день подряд,таск изучения,Книги не изучаются,Books are not being studied.,Books are not being studied.,Knihy nikdo nestuduje.,Os livros não estão sendo estudados.,No se están estudiando los libros.,Księgi nie są badane.,尚未研究书籍。,有未研讀的書籍。,本の研究が進んでいません。,책을 연구하지 않고 있습니다.,Bücher werden nicht studiert.,Personne n'étudie les livres.,Nessuno studia i libri.,Kitaplar okunmuyor.,Nem tanulmányoznak könyveket.,Книги не вивчають.,Sách không được nghiên cứu.
advisor.produce_goods,"нет таска на производство товара, хотя есть его ингридиенты, 2 день подряд",шестеренка,Товар не производится,Production is stagnant.,Production is stagnant.,Výroba stagnuje.,A produção está estagnada.,La producción está estancada.,Stagnacja w produkcji.,生产停滞。,生產停擺了。,生産が停滞しています。,생산이 부진합니다.,Die Produktion stagniert.,La production stagne.,La produzione langue.,Üretim durgunlaştı.,A termelés stagnál.,Застій у виробництві.,Sản xuất đang bị trì trệ.
advisor.homeless,"бездомный лорд, 3 день подряд, 3+ день",дом,У лорда нет жилья,A lord has no housing.,A lord has no housing.,Lord nemá ubytování.,Um nobre está sem casa.,Un señor no tiene alojamiento.,Lord nie ma mieszkania.,一位领主没有住房。,一名貴族沒有住所。,領主の邸宅がありません。,영주에게 주거가 없습니다.,Ein Lord hat kein Wohnhaus.,Un seigneur ou une dame n'a pas de logement.,Un nobile è senza dimora.,Bir asilzadenin evi yok.,Az egyik nemesnek nincs szállása.,У вельможі немає житла.,Một lãnh chúa không có chỗ ở.
advisor.efffective,"есть здание, в котором не выставлен приоритет по культуре, хотя такая культура есть",инструкция,Здание может работать эффективней,A building could operate more efficiently.,A building could operate more efficiently.,Budova by mohla fungovat efektivněji.,A produção de um edifício poderia ser mais eficiente.,Un edificio podría funcionar de forma más eficiente.,Budynek może działać wydajniej.,一栋建筑可以更有效率地运转。,一所建築未達最佳運作效率。,建物の効率を上げる余地があります。,건물을 더욱 효율적으로 운영할 수 있습니다.,Ein Gebäude könnte effizienter betrieben werden.,Un bâtiment pourrait être plus efficace.,Un edificio potrebbe funzionare con più efficienza.,Bir bina daha verimli bir şekilde işleyebilir.,Az egyik épület hatékonyabban is működhetne.,Споруда може працювати продуктивніше.,Một tòa nhà có thể hoạt động hiệu quả hơn.
advisor.bandit_camp,"лагерь бандитов 3 день подряд, 4+ день",бандит,Лагерь бандитов растет,A bandit camp is growing.,A bandit camp is growing.,Zbojnický tábor se rozrůstá.,Um acampamento de bandidos está crescendo.,Un campamento de bandidos está creciendo.,Obóz bandytów się rozrasta.,一个强盗营地正在壮大。,一個劫匪營地正在擴張。,盗賊の野営地が拡大しています。,도적 진영이 커지고 있습니다.,Ein Banditenlager wächst.,Un camp de bandits s'agrandit.,Un accampamento di fuorilegge è in espansione.,Bir haydut kampı büyüyor.,Az egyik banditatábor gyarapodik.,Розбійницький табір розростається.,Một trại cướp đang phát triển.
advisor.dont_like,"сосед относится к нам ниже -5, и его армия не слабее нашей",иконка дизлайка,Опасный противник по соседству,We have a dangerous neighbor.,We have a dangerous neighbor.,Máme nebezpečného souseda.,Temos um vizinho perigoso.,Tenemos un vecino peligroso.,Mamy groźnego sąsiada.,邻邦对我们有威胁。,一個鄰近勢力可能威脅到我們。,危険な隣人がいます。,위험한 이웃이 있습니다.,Wir haben einen gefährlichen Nachbarn,Une province voisine représente un danger.,Abbiamo un vicino pericoloso.,Tehlikeli bir komşumuz var.,Van egy veszélyes szomszédunk.,У нас небезпечний сусід.,Chúng ta có một hàng xóm nguy hiểm.
advisor.intrigues,сосед с отношением ниже -15,змея,Враг строит козни,An enemy is plotting.,An enemy is plotting.,Nepřítel kuje pikle.,Um inimigo está tramando.,Un enemigo está conspirando.,Wróg knuje.,一个敌人正在密谋。,有敵人正圖謀不軌。,敵が陰謀を企てています。,적이 음모를 꾸미고 있습니다.,Ein Feind plant eine Verschwörung.,Un ennemi complote contre vous.,Un nemico sta complottando.,Bir düşman hazırlık yapıyor.,Az egyik ellenségünk terveket sző.,Ворог щось планує.,Kẻ thù đang âm thầm toan tính.
advisor.desire,"желание лорда усилилось, и прошло 2 дня",несчастье,Лорд одержим желанием,A lord is consumed by desire.,A lord is consumed by desire.,Lorda sžírá touha.,Um nobre está consumido pelo desejo.,Un señor está consumido por el deseo.,Lorda pochłania pragnienie.,一位领主被欲望蒙蔽了双眼。,一名貴族被慾望吞噬了。,領主は欲望におぼれています。,영주가 욕망에 사로잡혔습니다.,Ein Lord wird von Sehnsucht zerfressen.,Le désir ronge un seigneur ou une dame.,Un nobile è consumato dal desiderio.,Bir asilzade arzusuna yenik düştü.,Az egyik nemest elemészti a vágy.,Вельможа згорає від бажання.,Một lãnh chúa bị chi phối bởi dục vọng.
advisor.one_title,остался 1 свободный титул,корона,Остался один титул,Only one title remains.,Only one title remains.,Zůstává pouze jeden titul.,Só resta um título.,Solo queda un título.,Pozostał tyko jeden tytuł.,只剩下一个爵位。,只剩一個爵位名額了。,爵位が1つしか残っていません。,작위가 하나만 남았습니다.,Nur ein Titel ist noch übrig.,Il ne reste qu'un seul titre de noblesse.,Resta un solo titolo.,Yalnızca tek bir ünvan kaldı.,Csak egy cím maradt.,Залишився тільки один титул.,Chỉ còn một danh hiệu.
advisor.enemy,"на гк есть враг ниже 25, 2 день подряд",вражда,Враг ждет подходящего момента,An enemy is waiting for the right moment.,An enemy is waiting for the right moment.,Nepřítel vyčkává na správný okamžik.,Um inimigo está aguardando o momento certo.,Un enemigo está esperando al momento justo.,Wróg czeka na odpowiedni moment.,一个敌人正在伺机而动。,有敵人正伺機而動。,敵はその時を待ち構えています。,적이 적기를 기다리고 있습니다.,Ein Feind wartet auf den richtigen Moment.,Un ennemi attend le moment opportun.,Un nemico attende il momento opportuno.,Bir düşman doğru anı bekliyor.,Az ellenség a megfelelő pillanatra vár.,Ворог вичікує слушного моменту.,Kẻ thù đang chờ đợi thời điểm thích hợp.
advisor.slaves_hungry,пленники голодают,иконка рабов,Пленники голодают,The prisoners are starving.,The prisoners are starving.,Vězni hladoví.,Os prisioneiros estão passando fome.,Los prisioneros se mueren de hambre.,Jeńcy głodują.,囚犯正在挨饿。,囚犯們正在挨餓。,囚人が飢えています。,수감자들이 굶주리고 있습니다.,Die Sklaven verhungern.,Les esclaves sont affamés.,I prigionieri hanno fame.,Mahkûmlar açlıktan kırılıyor.,A foglyok éheznek.,В'язні голодують.,Các tù nhân đang bị đói.
advisor.peasants_hungry,крестьяне голодают,иконка крестьян,Крестьяне голодают,The peasants are starving.,The peasants are starving.,Rolníci hladoví.,Os camponeses estão passando fome.,Los campesinos se mueren de hambre.,Chłopi głodują.,平民正在挨饿。,庶民們正在挨餓。,農民が飢えています。,농민들이 굶주리고 있습니다.,Die Bauern verhungern.,La population paysanne est affamée.,I popolani hanno fame.,Köylüler açlıktan kırılıyor.,A parasztok éheznek.,Селяни голодують.,Các nông dân đang bị đói.
advisor.not_enought_tavernas,не  хватает таверн - 30% не могут попасть в таверну,пиво,Не хватает Таверн,We need taverns.,We need taverns.,Potřebujeme krčmy.,Precisamos de tavernas.,Necesitamos tabernas.,Potrzebujemy karczm.,我们需要酒馆。,我們需要酒館。,酒場が必要です。,술집이 필요합니다.,Wir brauchen Tavernen.,Il nous faut des tavernes.,Ci servono delle locande.,Tavernalara ihtiyacımız var.,Kocsmákra van szükségünk.,Потрібні корчми.,Chúng ta cần các quán rượu.
advisor.no_temples,не хватает храмов - 30% граждан не попадают в храм,крест софии,Не хватает Храмов,We need temples.,We need temples.,Potřebujeme chrámy.,Precisamos de templos.,Necesitamos templos.,Potrzebujemy świątyń.,我们需要圣堂。,我們需要教堂。,礼拝堂が必要です。,사원이 필요합니다.,Wir brauchen Tempel.,Il nous faut des temples.,Ci servono dei templi.,Tapınaklara ihtiyacımız var.,Templomokra van szükségünk.,Потрібні храми.,Chúng ta cần các đền thờ.
advisor.no_barracks,не хватает казарм - больше 30% солдат живут на улице,скрещенные мечи,Не хватает Казарм,We need barracks.,We need barracks.,Potřebujeme kasárny.,Precisamos de uma caserna.,Necesitamos barracones.,Potrzebujemy koszar.,我们需要兵营。,我們需要營房。,兵舎が必要です。,병영이 필요합니다.,Wir brauchen Kasernen.,Il nous faut des casernes.,Ci servono delle caserme.,Kışlalara ihtiyacımız var,Kaszárnyára van szükségünk.,Потрібні казарми.,Chúng ta cần các doanh trại.
advisor.rutabaga_poison,30% населения болеет тифом,,Эпидемия Брюквенного тифа,Rutabaga Typhoid Epidemic,Rutabaga Typhoid Epidemic,Epidemie tuřínového tyfu,Epidemia de febre da couve-nabo.,Epidemia de tifus de colinabo,Epidemia brukwiowego tyfusu.,芜菁热症疫情,流行性洋蕪菁熱,ルタバガ腸チフスの流行,루타바가 열병 전염병,Steckrübenfieber-Epidemie,Épidémie de fièvre du rutabaga,Epidemia di tifo delle rape,Şalgam Humması Salgını,Karórépaláz-járvány,Епідемія бруквяної лихоманки,Dịch tả Rutabaga
advisor.inflamed_wound_lords,,,Воспаленная рана,Inflamed wound,Inflamed wound,Zanícená rána,Ferida infeccionada.,Herida infectada,Zakażenie rany.,发炎伤口,傷口發炎,傷口の炎症,염증성 상처,Entzündete Wunde,Blessure infectée,Ferita infiammata,İltihaplanan yara,Elfertőződött seb,Запалена рана,Vết thương bị viêm
advisor.inflamed_wound_warriors,,,Воспаленные раны у солдат,Soldiers have inflamed wounds.,Soldiers have inflamed wounds.,Vojáci mají zanícené rány.,Os soldados estão com feridas infeccionadas.,Los guerreros tienen heridas infectadas.,Żołnierze mają zakażone rany.,士兵伤口发炎。,士兵的傷口發炎了。,兵士の傷口が炎症を起こしています。,전사들에게 염증성 상처가 생겼습니다.,Soldaten haben entzündete Wunden.,Les blessures de certains soldats se sont infectées.,I soldati hanno ferite infiammate.,Askerlerin yaraları iltihaplandı.,A katonák sebei elfertőződtek.,У солдатів запалені рани.,Lính bị vết thương viêm.
advisor.free_lord_expire_soon,,,Контракт заканчивается,Contract expires.,Contract expires.,Smlouvě končí platnost.,O contrato vai expirar.,El contrato expira.,Umowa wygasła.,契约已失效。,合約到期了。,契約が満了しました。,계약이 만료되었습니다.,Vertrag läuft aus.,Le contrat expire.,Contratto scaduto.,Sözleşme sona eriyor.,Lejár egy szerződés.,Угода скоро вичерпається.,Hợp đồng sắp hết hạn.
advisor.no_problems,,,Нет проблем,There are no problems.,There are no problems.,Nejsou žádné problémy.,Não há problemas.,No hay problemas.,Brak problemów.,目前没有问题。,目前沒有問題。,問題はありません。,문제가 없습니다.,Es gibt keine Probleme.,Il n'y a aucun problème.,Non ci sono problemi.,Hiçbir sorun yok.,Nincs probléma.,Проблем немає.,Không có vấn đề gì.
advisor.no_tavernas,,,Таверны не работают,Taverns are not functioning.,Taverns are not functioning.,Krčmy nefungují.,As tavernas não estão funcionando.,Las tabernas no funcionan.,Karczmy nie działają.,酒馆未运营。,酒館沒有在運作。,酒場がうまく機能していません。,술집이 작동하지 않습니다.,Tavernen funktionieren nicht.,Les tavernes ne sont pas opérationnelles.,Le locande non sono in funzione.,Tavernalar işlemiyor.,A kocsmák nem működnek.,Корчми не працюють.,Các quán rượu không hoạt động.
advisor.no_altar,,,Людям негде молиться,People have nowhere to pray.,People have nowhere to pray.,Lidé se nemají kde modlit.,As pessoas não têm onde rezar.,La gente no tiene donde rezar.,Ludzie nie mają miejsca modłów.,民众无处祈祷。,人民無處禱告。,人々は祈る場所がありません。,사람들이 기도할 곳이 없습니다.,Die Leute können nirgendwo beten.,Il n'y a aucun lieu de prière.,La gente non ha luoghi di culto.,İnsanların dua edecek yeri yok.,Az embereknek nincs hol imádkozniuk.,Людям ніде молитися.,Người dân không có nơi để cầu nguyện.
advisor.no_allcohol_production,,,Отсутствует производство алкоголя,Alcohol production is absent.,Alcohol production is absent.,Chybí výroba alkoholu.,Não há produção de bebidas.,No hay producción de alcohol.,Brak produkcji alkoholu.,无酒精生产。,沒有在生產酒。,アルコールは生産されていません。,술 생산이 이뤄지지 않습니다.,Es gibt keine Alkoholproduktion.,Il n'y a aucune production d'alcool.,Non vengono prodotti alcolici.,Alkol üretilmiyor.,Nincs alkoholtermelés.,Немає виробництва алкоголю.,Sản xuất rượu không có.
advisor.no_food_production,,,"Отсутствует производство еды ",Food production is absent.,Food production is absent.,Chybí výroba jídla.,Não há produção alimentícia.,No hay producción de comida.,Brak produkcji żywności.,无食物生产。,沒有在生產食物。,食料は生産されていません。,음식 생산이 이뤄지지 않습니다.,Es gibt keine Nahrungsproduktion.,Il n'y a aucune production de nourriture.,Non viene prodotto cibo.,Gıda üretilmiyor.,Nincs élelemtermelés.,Немає виробництва харчів.,Sản xuất thực phẩm không có.
advisor.upgrade_woorcutter,,,Улучшите Лесопилки,Our lumbermills need upgrading.,Our lumbermills need upgrading.,Naše pily potřebují vylepšit.,Precisamos melhorar as serrarias.,Nuestras serrerías necesitan mejoras.,Nasze tartaki potrzebują ulepszeń.,伐木场需要升级。,伐木場需要升級。,製材所にはアップグレードが必要です。,제재소를 업그레이드해야 합니다.,Unsere Holzfällerlager müssen aufgewertet werden.,Nos scieries devraient être améliorées.,Le segherie vanno migliorate.,Kereste fabrikalarımızın yükseltilmesi gerek.,A fűrészmalmainkat fejleszteni kell.,Наші лісопильні потребують вдосконалення.,Các nhà máy chế biến gỗ của chúng ta cần nâng cấp.
advisor.small_army,когда армия меньше 7 человек,скрещенные мечи,Очень слабая армия,We have a very weak army.,We have a very weak army.,Máme velmi slabé vojsko.,Temos um exército muito fraco.,Tenemos un ejército muy débil.,Mamy bardzo słabą armię.,我们的军队很弱。,我們的軍隊力量薄弱。,軍事力に不安があります。,군대가 너무 약합니다.,Unsere Armee ist äußerst schwach.,Notre armée est particulièrement faible.,Il nostro esercito è debole.,Ordumuz çok zayıf.,Nagyon gyenge a hadseregünk.,У нас дуже слабке військо.,Chúng ta có một đội quân rất yếu.
advisor.low_fertility,когда фертильность ниже 80%. Уходит само через 2 суток,значок ржи,Угроза снижения плодородия,We face a threat of reduced fertility.,We face a threat of reduced fertility.,Hrozí nám snížená úrodnost.,Enfrentamos uma ameaça de baixa fertilidade.,Nos enfrentamos a la amenaza de una fertilidad reducida.,Zagraża nam spadek żyzności gleby.,我们面临着土壤肥力下降的威胁。,我們面臨生育率下降的威脅。,肥沃度の低下に直面しています。,생식력 감소로 위험에 처했습니다.,Es droht eine reduzierte Fruchtbarkeit.,La baisse de fertilité est une menace pour notre cité.,Incombe la minaccia di una riduzione della fertilità.,Düşük verimlilik tehdidiyle karşı karşıyayız.,Fennáll a termékenység csökkenésének veszélye.,Перед нами загроза зменшення родючості.,Chúng ta đối mặt với nguy cơ giảm khả năng sinh sản.
advisor.low_iron,"когда запасов железа на текущем уровне осталось меньше 50

Уходит само чере 2 суток",значок железа,Запасы Железа истощаются,Iron reserves are depleting.,Iron reserves are depleting.,Zásoby železa docházejí.,As reservas de ferro estão se esgotando.,Las reservas de hierro se están agotando.,Złoża żelaza wkrótce się wyczerpią.,铁的储备即将耗尽。,鐵的存量正在耗盡。,鉄の埋蔵量は枯渇しつつあります。,철 매장량이 고갈되어갑니다.,Die Eisenreserven gehen zur Neige.,Nos réserves de fer s'amenuisent.,I giacimenti di ferro si stanno esaurendo.,Demir rezervleri tükeniyor.,A vastartalékok kimerülnek.,Запаси заліза вичерпуються.,Dự trữ sắt đang cạn kiệt.
advisor.slaves_run,,значок рабов,Пленники плохо охраняются,Prisoners are poorly guarded.,Prisoners are poorly guarded.,Vězni jsou špatně hlídaní.,Os prisioneiros não estão sendo bem vigiados.,Los prisioneros están mal vigilados.,Jeńcy są kiepsko pilnowani.,囚犯看守并不严密。,囚犯未受到嚴格看守。,囚人の警備が手薄になっています。,수감자가 제대로 감시받지 않습니다.,Sklaven sind unzureichend bewacht.,Les esclaves ne sont pas assez bien surveillés.,La sorveglianza dei prigionieri è insufficiente.,Mahkûmların koruması yetersiz.,A foglyokat rosszul őrzik.,В'язнів погано охороняють.,Các tù nhân bị canh gác kém.
advisor.no_work,,,Много безработных,There are many unemployed.,There are many unemployed.,Máme mnoho nezaměstnaných.,Há muitos desempregados.,Hay muchos desempleados.,Zbyt wielu bezrobotnych.,大量人口失业。,失業人數眾多。,失業者が増えています。,실업자가 많습니다.,Es gibt viele Arbeitslose.,Trop de personnes sont sans-emploi.,I disoccupati sono numerosi.,İşsizlerin sayısı çok fazla.,Sok a munkanélküli.,Забагато безробітних.,Có nhiều người thất nghiệp.
advisor.contraband,,,В городе идут спекуляции,Speculation is happening in the city.,Speculation is happening in the city.,Ve městě kolují spekulace.,Pessoas estão especulando na cidade.,Está habiendo especulación en la ciudad.,W mieście odbywa się handel spekulacyjny.,这个城市正在进行投机活动。,城鎮正發生投機倒賣行為。,街では様々な憶測が飛び交っています。,도시에서 투기가 일어나고 있습니다.,In der Stadt kommt es zu Spekulationen.,Il y a de la spéculation dans la cité.,Si verificano casi di speculazione in città.,Şehirde vurgunculuk dönüyor.,Üzérkedés folyik a városban.,У місті відбувається спекуляція.,Có hiện tượng đầu cơ trong thành phố.
advisor.fanatics_rebellion,Возможное восстание фанатиков,,Фанатики близки к восстанию,Fanatics close to uprising.,Fanatics close to uprising.,Fanatici hrozí povstáním.,Fanáticos prestes a se rebelarem.,Los fanáticos están a punto de levantarse.,Fanatycy są blisko buntu.,狂热信徒即将发起叛乱。,狂熱信徒就快起義了。,反乱を起こそうとしている狂信者。,광신도의 봉기가 임박했습니다.,Fanatiker nahe dem Aufstand,Les fanatiques sont au bord de la révolte.,I fanatici stanno per insorgere.,Fanatik ayaklanması çok yakın.,"A fanatikusok közel állnak hozzá, hogy fellázadjanak.",Фанатики близькі до повстання.,Những kẻ cuồng tín gần như nổi loạn.
advisor.bishop_rebellion,Возможное восстание епископа,,Епископ планирует восстание,The bishop is planning an uprising.,The bishop is planning an uprising.,Biskup plánuje povstání.,O bispo está planejando uma rebelião.,El obispo está planeando un levantamiento.,Biskup planuje bunt.,主教正在谋划一场叛乱。,主教正在策劃起義。,司教が反乱を企てている。,주교가 봉기를 계획하고 있습니다.,Der Bischof plant einen Aufstand.,L'évêque prépare une révolte.,Il vescovo pianifica una rivolta.,Piskopos bir ayaklanma planlıyor.,A püspök felkelést készít elő.,Єпископ планує повстання.,Giám mục đang âm thầm lên kế hoạch nổi dậy.
advisor.onboard_1,После окончания обучения,,Постройте Лесопилку,Build a Lumbermill.,Build a Lumbermill.,Postav pilu.,Construa uma serraria.,Construye una serrería.,Zbuduj tartak.,建造一个伐木场。,請建造伐木場。,製材所を建設する。,제재소를 건설하세요.,Baue ein Holzfällerlager.,Construisez une scierie.,Costruisci una segheria.,Bir Kereste Fabrikası inşa et.,Építs egy fűrészmalmot.,Збудуйте лісопильню.,Xây dựng một nhà máy chế biến gỗ.
advisor.onboard_2,После окончания advisor.onboard_1,построили 2 лесопилку,Соберите урожай Ржи,Harvest the Rye crop.,Harvest the Rye crop.,Skliď žito.,Colha a plantação de centeio.,Cosecha el cultivo de centeno.,Zbierz plony żyta.,收割麦子作物。,收成麥子,ライ麦を収穫する。,호밀 농작물을 수확하세요.,Ernte Roggen.,Récoltez le seigle.,Raccogli la segale.,Çavdar ekinini hasat et.,Takarítsd be a rozstermést.,Зберіть урожай жита.,Thu hoạch mùa vụ lúa mạch.
advisor.onboard_3,После окончания advisor.onboard_2,собрали 1 урожай ржи,Начните делать Муку,Start making Flour.,Start making Flour.,Začni vyrábět mouku.,Comece a produzir farinha.,Empieza a hacer harina.,Zacznij wytwarzać mąkę.,开始制作面粉。,請開始製作麵粉。,小麦粉の製造を始める。,밀가루 제작을 시작하세요.,Produziere Mehl.,Commencez la production de farine.,Avvia la produzione di farina.,Un yapımına başla.,Kezdj el lisztet előállítani.,Почніть виробляти борошно.,Bắt đầu sản xuất bột mì.
advisor.onboard_4,"После окончания advisor.onboard_1, после постройки поля ржи",построили 2 полей Ржи,Соберите урожай Хмеля,Harvest the Hops crop.,Harvest the Hops crop.,Skliď chmel.,Colha a plantação de lúpulo.,Cosecha el cultivo de lúpulo.,Zbierz plony chmielu.,收割啤酒花作物。,收成啤酒花,ホップを収穫する。,홉 농작물을 수확하세요.,Ernte Hopfen.,Récoltez le houblon.,Raccogli i luppoli.,Şerbetçi otu ekinini hasat et.,Takarítsd be a komlótermést.,Зберіть урожай хмелю.,Thu hoạch mùa vụ hoa houblon.
advisor.onboard_5,После окончания advisor.onboard_4,Собрали урожай хмеля,Начните варить Пиво,Start brewing Beer.,Start brewing Beer.,Začni vařit pivo.,Comece a produzir cerveja.,Empieza a elaborar cerveza.,Zacznij wytwarzać piwo.,开始酿造啤酒。,請開始釀造啤酒。,ビールの醸造を始める。,맥주 증류를 시작하세요.,"Beginne, Bier zu brauen.",Commencez à brasser de la bière.,Avvia la produzione di birra.,Bira üretimine başla.,Kezdj el sört főzni.,Почніть варити пиво.,Bắt đầu sản xuất bia.
advisor.onboard_6,После окончания advisor.onboard_5,Построили пивоварню ур 3,Постройте Шахту,Build a Mine.,Build a Mine.,Postav důl.,Construa uma mina.,Construye una mina.,Zbuduj kopalnię.,建造一个矿井。,請建造礦場。,鉱山を建設する。,광산을 건설하세요.,Errichte eine Mine.,Construisez une mine.,Costruisci una miniera.,Maden inşa et.,Építs egy bányát.,Збудуйте шахту.,Xây dựng một mỏ.
advisor.onboard_7,После окончания advisor.onboard_6_1,Построили шахту,Заключите торговое соглашение,Arrange a trade agreement.,Arrange a trade agreement.,Domluv obchodní dohodu.,Realize um acordo comercial.,Pon fin a un acuerdo comercial.,Zawrzyj umowę handlową.,筹措一份贸易协议。,安排貿易協議。,貿易協定を締結する。,무역 협정을 체결하세요.,Arrangiere ein Handelsabkommen.,Concluez un accord commercial.,Stringi un accordo commerciale.,Bir ticaret sözleşmesi ayarla.,Hozz össze egy kereskedelmi megállapodást.,Домовтеся про торгову угоду.,Sắp xếp một thỏa thuận thương mại.
advisor.onboard_8,После окончания advisor.onboard_6_1,Построили шахту,Достигните населения 40 человек,Reach a population of 40 people.,Reach a population of 40 people.,Dosáhni populace 40 lidí.,Alcance uma população de 40 pessoas.,Llega a una población de 40 personas.,Osiągnij populację 40 osób.,使人口达到 40。,請讓人口數達到 40。,人口40人に到達する。,인구 40명에 도달하세요.,Erreiche eine Bevölkerung von 40 Einwohnern.,Atteignez une population de 40 personnes.,Raggiungi una popolazione di 40 abitanti.,40 kişilik nüfusa ulaş.,Érj el 40 fős lakosságot.,Досягніть чисельності населення 40 осіб.,Đạt dân số 40 người.
advisor.onboard_9,После окончания advisor.onboard_8,достигли населения и еще создал гос-во,Создайте государство,Create a state.,Create a state.,Založ stát.,Crie um novo estado.,Crea un estado.,Stwórz państwo.,建立一个国家。,請建立州省。,国家を作る。,국가를 만드세요.,Erstelle einen Staat,Créez un État.,Crea uno stato.,Eyalet oluştur.,Alapíts államot.,Створіть державу.,Tạo ra một quốc gia.
advisor.clerks,"если канцелярия работает, но клерки нигде не назначены",убиается когда 1 клерк назначен. Не чаще раз в сутки,Клерки не назначены,Clerks not assigned.,Clerks not assigned.,Úředníci nejsou přiřazení.,Funcionários não atribuídos.,Funcionarios sin asignar.,Nie przydzielono urzędników.,未指派文员。,未指派職員。,官吏が任命されていません。,사무관이 배정되지 않았습니다.,Keine Beamten zugewiesen.,Aucune tâche n'est assignée aux fonctionnaires.,Funzionari non assegnati.,Kâtipler atanmadı.,Nincs kirendelve hivatalnok.,Писарі не призначені.,Nhân viên văn phòng chưa được phân công.
advisor.no_paper,"если канцелярия работает, но ей не хватет бумаги для работы",убирается когда снова работает. Не чаще раз в сутки,Канцелярии не хватает бумаги,"The Chancellery is lacking Paper. ","The Chancellery is lacking Paper. ",V kancléřství chybí papír.,Falta papel na chancelaria.,Falta papel en la cancillería.,W kancelarii brakuje papieru.,官邸缺纸。,官邸缺乏紙。,官庁には紙がありません。,사무국에 종이가 부족합니다.,Der Kanzlei fehlt es an Papier.,La chancellerie manque de papier.,La cancelleria ha esaurito la carta.,Şansölyelikte kâğıt eksikliği var.,A kancelláriában nincs papír.,У канцелярії не вистачає паперу.,Văn phòng thiếu giấy.
advisor.wolves,когда рабочего крестьянина атаковал волк,убирается через сутки сам. КД 2 дня,Плотоволки атакуют рабочих,Fleshwolves are attacking workers.,Fleshwolves are attacking workers.,Hladoví vlci útočí na dělníky.,Lobos-sangrentos estão atacando trabalhadores.,Los lobos devoradores atacan a los trabajadores.,Żerwilki atakują robotników.,饿狼正在攻击工人。,食肉狼正在攻擊食肉狼。,人喰いオオカミが労働者を襲っている。,살육늑대가 일꾼을 공격합니다.,Säbelzahnwölfe attackieren Arbeiter.,Des loups attaquent la main-d'œuvre !,I lupi attaccano i lavoratori.,Etbörüler işçilere saldırıyor.,Húsfarkasok támadnak a munkásokra.,Плотожери нападають на працівників.,Lũ sói ăn thịt đang tấn công công nhân.
advisor.onboard_4_1,После окончания advisor.onboard_3,убирается когда нанимаем лорда,Наймите свободного лорда,Hire a free lord.,Hire a free lord.,Najmi svobodného lorda.,Contrate um nobre livre.,Contrata a un señor libre.,Zatrudnij wolnego lorda.,雇佣一名自由领主。,請聘請一位流浪貴族。,自由領主を雇う。,자유 영주를 고용하세요.,Heuere einen Freien Lord an.,Engagez un noble libre.,Assumi un nobile libero.,Bir özgür asilzade işe al.,Fogadj fel egy szabad nemest.,Найміть вільного вельможу.,Thuê một lord tự do.
advisor.onboard_6_1,После окончания advisor.onboard_6,создали заказ на уголь и инструменты,Начните делать Инструменты,Start making Tools.,Start making Tools.,Začni vyrábět nástroje.,Comece a produzir ferramentas.,Empieza a crear herramientas.,Zacznij wytwarzać narzędzia.,开始制造工具。,請開始製作工具。,道具の製造を始める。,도구 제작을 시작하세요.,Produziere Werkzeuge.,Commencez à produire des outils.,Avvia la produzione di attrezzi.,Alet yapımına başla.,Kezdj el szerszámokat előállítani.,Почніть виробляти інструменти.,Bắt đầu sản xuất công cụ.
advisor.emperor_coronation,Коронация императора,,Станьте императором,Become the Emperor.,Become the Emperor.,Staň se císařem,Torne-se o imperador.,Conviértete en emperador.,Zostań imperatorem.,成为皇帝,成為帝王,皇帝になる,황제가 되세요.,Werde Imperator,Prenez place sur le trône impérial.,Diventa imperatore,İmparator Ol,Legyél te a császár,Станьте імператором.,Trở thành Hoàng đế.
advisor.desire_to_kill,Лорд получил желание смерти или мести,,Лорд планирует убийство,The lord is planning a murder.,The lord is planning a murder.,Lord osnuje vraždu.,O nobre está planejando um assassinato.,,Lord planuje morderstwo.,该领主正在策划一场谋杀。,這位貴族正在計劃謀殺,領主が殺人を計画している。,영주가 살인을 계획 중입니다.,Der Lord plant einen Mord.,Ce seigneur ou cette dame prévoit de commettre un meurtre.,Il nobile trama un omicidio.,Asilzade bir cinayet planlıyor.,A nemes gyilkosságot tervez.,Вельможа планує вбивство.,Ngài đang lên kế hoạch giết người.