Key,Comments,Russian,English,English - final,Czech,PortugueseBrazilian,Spanish,Polska,SimplifiedChinese,TraditionalChinese,Japanese,Korean,Deutsch,French,Italiana,Turkish,Hungarian,Ukrainian,Vietnamese
mind.abuse,hint_mind_abuse,Меня оскорбили!,I have been insulted!,I have been insulted!,Urazili mě!,Insultaram-me!,¡Me han insultado!,Obrażono mnie!,我被侮辱了！,我被侮辱了！,侮辱された！,모욕당했어!,Ich wurde beleidigt!,J'ai reçu des insultes !,Ho ricevuto un insulto!,Bana hakaret edildi!,Megsértettek!,Мене образили!,Tôi đã bị xúc phạm!
mind.agnostic,hint_mind_agnostic,Агностик,Agnostic,Agnostic,Agnostik,Agnosticismo,Agnóstico,Agnostycyzm,不可知论者,懷疑論者,無神論者,불가지론자,Agnostiker,Agnostique,Agnosticismo,Agnostik,Agnosztikus,Агностик,Vô thần
mind.battle_commander_bonus,hint_mind_battle_commander_bonus,Навыки командира,Commander skills,Commander skills,Velitelské schopnosti,Habilidades de comandante,Habilidades de comandante,Umiejętności dowódcze,指挥官技能,指揮能力,指揮官のスキル,지휘관 스킬,Kommandanten-Fähigkeiten,Compétences de commandement,Abilità comandante,Kumanda becerileri,Parancsnoki képességek,Командирські навички,Kỹ năng chỉ huy
mind.battle_commander_dead,hint_mind_battle_commander_dead,Мой командир убит!,My commander is dead!,My commander is dead!,Můj velitel je mrtvý!,Meu comandante está morto!,¡Mi comandante está muerto!,Dowódca poległ!,我的指挥官阵亡了！,我的指揮官陣亡了！,指揮官が死んだ！,우리 지휘관이 사망했다!,Mein Kommandant ist tot!,Notre capitaine a perdu la vie !,Il mio comandante è morto!,Kumandanım öldü!,A parancsnokom meghalt!,Мій командир загинув!,Chỉ huy của tôi đã chết!
mind.battle_commander_retreat,hint_mind_battle_commander_retreat,Мой командир бежал!,My commander has fled!,My commander has fled!,Můj velitel utekl!,Meu comandante fugiu!,¡Mi comandante ha huido!,Dowódca uciekł!,我的指挥官逃跑了！,我的指揮官逃跑了！,指揮官が逃亡した！,우리 지휘관이 도망쳤다!,Mein Kommandant ist geflohen!,Notre capitaine a fui !,Il mio comandante è fuggito!,Kumandanım kaçtı!,A parancsnokom elmenekült!,Мій командир утік!,Chỉ huy của tôi đã bỏ trốn!
mind.battle_enemy_commander_dead,hint_mind_battle_enemy_commander_dead,Командир врага убит!,Enemy commander killed!,Enemy commander killed!,Nepřátelský velitel je mrtvý!,O comandante inimigo está morto!,¡El comandante enemigo está muerto!,Wrogi dowódca poległ!,已击杀敌方指挥官！,敵隊指揮官陣亡了！,敵の指揮官が死んだ！,적 지휘관이 사망했다!,Feindlicher Kommandant tot!,Le capitaine adverse est mort !,Il comandante nemico è stato ucciso!,Düşman kumandan öldürüldü!,Az ellenséges parancsnok meghalt!,Ворожого командира вбито!,Chỉ huy kẻ thù đã bị giết!
mind.battle_enemy_commander_retreat,hint_mind_battle_enemy_commander_retreat,Командир противника бежал!,Enemy commander has fled!,Enemy commander has fled!,Nepřátelský velitel utekl!,O comandante inimigo fugiu!,¡El comandante enemigo ha huido!,Wrogi dowódca uciekł!,敌方指挥官逃跑了！,敵隊指揮官逃跑了！,敵の指揮官が逃亡した！,적 지휘관이 도망쳤다!,Feindlicher Kommandant geflohen!,Le capitaine adverse a fui !,Il comandante nemico è fuggito!,Düşman kumandan kaçtı!,Az ellenséges parancsnok elmenekült!,Ворожий командир утік!,Chỉ huy kẻ thù đã bỏ trốn!
mind.battle_enemy_soldier_retreat,hint_mind_battle_enemy_soldier_retreat,Воин противника бежал!,Enemy warrior has fled!,Enemy warrior has fled!,Nepřátelský válečník utekl!,Um guerreiro inimigo fugiu!,¡Un guerrero enemigo ha huido!,Wrogi wojownik uciekł!,敌方战士逃跑了！,敵隊戰士逃跑了！,敵の戦士が逃亡した！,적 전사가 도망쳤다!,Feindlicher Krieger geflohen!,Un soldat ennemi s'est enfui !,Un guerriero nemico è fuggito!,Düşman savaşçı kaçtı!,Az ellenséges harcos elmenekült!,Ворожий воїн утік!,Chiến binh kẻ thù đã bỏ trốn!
mind.battle_loose,hint_mind_battle_loose,Поражение в битве,Defeat in battle,Defeat in battle,Porážka v bitvě,Derrota na batalha,Derrota en batalla,Klęska w bitwie,战斗失败,戰鬥落敗了,戦闘での敗北,전투 패배,Niederlage in der Schlacht,Bataille perdue,Sconfitta in battaglia,Savaş yenilgisi,Vereség a harcmezőn,Поразка в битві,Thất bại trong trận chiến
mind.battle_soldier_retreat,hint_mind_battle_soldier_retreat,Воин из отряда бежал!,Warrior from the squad has fled!,Warrior from the squad has fled!,Válečník z čety utekl!,Um guerreiro do esquadrão fugiu!,¡Un guerrero de la escuadra ha huido!,Wojownik z oddziału uciekł!,部队中的战士逃跑了！,同隊戰士逃跑了！,部隊の戦士が逃亡した！,분대 전사가 도망쳤다!,Krieger aus dem Trupp geflohen!,Un soldat de l'escouade s'est enfui !,Un guerriero della squadra è fuggito!,Bölük savaşçısı kaçtı!,Az osztag egy harcosa elmenekült!,Воїн із загону втік!,Chiến binh trong đội quân đã bỏ trốn!
mind.battle_soldier_surrender,,Воин из отряда сдался!,Warrior from the squad has surrendered!,Warrior from the squad has surrendered!,Válečník z čety se vzdal!,Um guerreiro do esquadrão se rendeu!,¡Un guerrero de la escuadra se ha rendido!,Wojownik z oddziału się poddał!,部队中的战士投降了！,同隊戰士投降了！,部隊の戦士が投降した！,분대 전사가 항복했다!,Krieger aus dem Trupp hat sich ergeben!,Un soldat de l'escouade s'est rendu !,Un guerriero della squadra si è arreso!,Bölük savaşçısı teslim oldu!,Az osztag egy harcosa megadta magát!,Воїн із загону здався!,Chiến binh trong đội quân đã đầu hàng!
mind.battle_soldier_dead,,Воин из отряда убит!,Warrior from the squad has been killed!,Warrior from the squad has been killed!,Válečník z čety byl zabit!,Um guerreiro do esquadrão foi morto!,¡Un guerrero de la escuadra ha caído!,Wojownik z oddziału poległ!,部队中的战士被杀了！,同隊戰士陣亡了！,部隊の戦士が殺された！,분대 전사가 사망했다!,Krieger aus dem Trupp gefallen!,Un soldat de l'escouade est mort !,Un guerriero della squadra è stato ucciso!,Bölük savaşçısı öldürüldü!,Az osztag egy harcosa meghalt!,Воїн із загону загинув!,Chiến binh trong đội quân đã bị giết!
mind.battle_commander_surrender,,Мой командир сдался!,My commander has surrendered!,My commander has surrendered!,Můj velitel se vzdal!,Meu comandante se rendeu!,¡Mi comandante se ha rendido!,Mój dowódca się poddał!,我的指挥官投降了！,我的指揮官投降了！,指揮官が投降した！,우리 지휘관이 항복했다!,Mein Kommandant hat sich ergeben!,Notre capitaine nous a abandonnés !,Il mio comandante si è arreso!,Kumandanım teslim oldu!,A parancsnokom megadta magát!,Мій командир здався!,Chỉ huy của tôi đã đầu hàng!
mind.battle_enemy_commander_surrender,,Командир врага сдался!,Enemy commander has surrendered!,Enemy commander has surrendered!,Nepřátelský velitel se vzdal!,O comandante inimigo se rendeu!,¡El comandante enemigo se ha rendido!,Wrogi dowódca się poddał!,敌方指挥官投降了！,敵隊指揮官投降了！,敵の指揮官が投降した！,적 지휘관이 항복했다!,Feindlicher Kommandant hat sich ergeben!,Le capitaine adverse s'est rendu !,Il comandante nemico si è arreso!,Düşman kumandan teslim oldu!,Az ellenséges parancsnok megadta magát!,Ворожий командир здався!,Chỉ huy kẻ thù đã đầu hàng!
mind.battle_enemy_soldier_surrender,,Воин противника сдался!,Enemy warrior has surrendered!,Enemy warrior has surrendered!,Nepřátelský válečník se vzdal!,Um guerreiro inimigo se rendeu!,¡Un guerrero enemigo se ha rendido!,Wrogi wojownik się poddał!,敌方战士投降了！,敵隊戰士投降了！,敵の戦士が投降した！,적 전사가 항복했다!,Feindlicher Krieger hat sich ergeben!,Un soldat ennemi s'est rendu !,Un guerriero nemico si è arreso!,Düşman savaşçı teslim oldu!,Az ellenséges harcos elmenekült!,Ворожий воїн здався!,Chiến binh kẻ thù đã đầu hàng!
mind.battle_enemy_soldier_dead,,Воин противника убит!,Enemy warrior has been killed!,Enemy warrior has been killed!,Nepřátelský válečník byl zabit!,Um guerreiro inimigo foi morto!,¡Un guerrero enemigo ha caído!,Wrogi wojownik poległ!,敌方战士被杀了！,敵隊戰士陣亡了！,敵の戦士が死んだ！,적 전사가 사망했다!,Feindlicher Krieger wurde getötet!,Un soldat ennemi a été tué !,Un guerriero nemico è stato ucciso!,Düşman savaşçı öldürüldü!,Az ellenséges harcos meghalt!,Ворожого воїна вбито!,Chiến binh kẻ thù đã bị giết!
mind.battle_win,hint_mind_battle_win,Победа в битве,Victory in battle,Victory in battle,Vítězství v bitvě,Vitória na batalha,Victoria en batalla,Triumf w bitwie,战斗胜利,戰鬥獲勝了,戦闘での勝利,전투 승리,Sieg in der Schlacht,Bataille remportée,Vittoria in battaglia,Savaş zaferi,Győzelem a harcmezőn,Перемога в битві,Chiến thắng trong trận chiến
mind.catharsis,hint_mind_catharsis,Катарсис,Catharsis,Catharsis,Katarze,Catarse,Catarsis,Katharsis,情感宣泄,宣洩情緒,カタルシス,카타르시스,Katharsis,Cathartique,Catarsi,Katarsis,Katarzis,Катарсис,Giải tỏa cảm xúc
mind.close_actor_dead,hint_mind_close_actor_dead,Смерть близкого,Death of a loved one,Death of a loved one,Smrt milované osoby,Morte de um ente querido,Muerte de un ser querido,Śmierć bliskiej osoby,亲人去世,至親逝世,愛する人の死,사랑하는 이의 죽음,Tot einer geliebten Person,Mort d'un être cher,Morte di una persona cara,Sevdiği birinin ölümü,Egy szerette meghalt,Смерть близької людини,Cái chết của người thân yêu
mind.close_actor_heavy_disease,hint_mind_close_actor_heavy_disease,Тяжелая болезнь близкого,Serious illness of a loved one,Serious illness of a loved one,Vážné onemocnění milované osoby,Doença grave de um ente querido,Enfermedad grave de un ser querido,Poważna choroba bliskiej osoby,亲人重病,至親重病,愛する人が重病にかかる,사랑하는 이의 중병,Schwerer Erkrankung einer geliebten Person,Être cher atteint d'une maladie grave,Grave malattia di una persona cara,Sevdiği birinin çok ciddi bir hastalık yaşaması,Egy szerette súlyosan beteg,Тяжка хвороба близької людини,Bệnh nghiêm trọng của người thân yêu
mind.close_actor_low_mid_disease,hint_mind_close_actor_low_mid_disease,Тревога за здоровье близкого,Concern for the health of a loved one,Concern for the health of a loved one,Starost o zdraví milované osoby,Preocupação pela saúde de um ente querido,Preocupación por la salud de un ser querido,Obawa o zdrowie bliskiej osoby,关心亲人的健康,至親生病,愛する人の健康が気になる,사랑하는 이의 건강 걱정,Sorgen um die Gesundheit einer geliebten Person,Inquiétudes pour la santé d'un être cher,Preoccupazione per la salute di una persona cara,Sevdiği birinin sağlığı için endişe,Aggódik egy szerette egészségéért,Хвилювання за здоров'я близької людини,Lo lắng cho sức khỏe của người thân yêu
mind.close_actor_punish,hint_mind_close_actor_punish,Наказание близкого,Punishment of a loved one,Punishment of a loved one,Potrestání milované osoby,Punição de um ente querido,Castigo de un ser querido,Ukaranie bliskiej osoby,亲人受罚,至親受罰,愛する人への処罰,사랑하는 이의 처벌,Bestrafung einer geliebten Person,Un être cher a subi une punition,Punizione di una persona cara,Sevdiği birinin cezalandırılması,Egy szerette meg lett fenyítve,Покарання близької людини,Trừng phạt người thân yêu
mind.conversation_fatigue,hint_mind_conversation_fatigue,Усталость от переговоров,Fatigue from negotiations,Fatigue from negotiations,Únava z vyjednávání,Fadiga por negociar,Fatiga de las conversaciones,Zmęczenie negocjacjami,疲于谈判,交際疲勞,交渉疲れ,협상으로 인한 피로,Erschöpft vom Verhandeln,Fatigue due aux négociations,Fatica da trattative,Müzakere yorgunluğu,Fáradtság a tárgyalások miatt,Втома від переговорів,Mệt mỏi vì đàm phán
mind.conversation_reward,hint_mind_conversation_reward,Награжден,Awarded,Awarded,Získání ocenění,Recebeu recompensa,Recompensado,Nagrodzono mnie,受到嘉奖,受到賞賜,報われた,수여받음,Belohnt,A reçu une récompense,Ricompensa,Ödüllendirildi,Kitüntetve,Винагороджено,Được thưởng
mind.conversation_threat,hint_mind_conversation_threat,Подвергся угрозам,Subjected to threats,Subjected to threats,Výhružky,Recebeu ameaças,Sometido a amenazas,Grożono mi,受到威胁,受到威脅,脅迫を受けた,위협받음,Wird bedroht,A reçu des menaces,Sotto minaccia,Tehdit edildi,Fenyegetéseknek kitéve,Отримує погрози,Bị đe dọa
mind.conversation.rumors,hint_mind_conversation_rumors,Обсудили слухи,Discussed rumors,Discussed rumors,Probírané drby,Discutiu rumores,Ha debatido sobre rumores,Rozmowa o plotkach,讨论传闻,討論八卦,噂について話し合った,소문에 대해 논의함,Diskutierte Gerüchte,A parlé des rumeurs,Discussione di indiscrezioni,Dedikodu yaptı,Pletykált,Обговорені чутки,Bị bàn tán
mind.crime_criminal_not_punished,hint_mind_crime_criminal_not_punished,Преступник не наказан,Criminal goes unpunished,Criminal goes unpunished,Nepotrestaný zločin,Criminoso ficou impune,Un criminal no recibe ningún castigo,Przestępca jest bezkarny,罪犯逍遥法外,犯人逍遙法外,犯罪者が罪を逃れる,범죄자가 처벌받지 않음,Verbrecher bleibt ungestraft,Trop d'indulgence pour les criminels,Criminale impunito,Suçlular cezalandırılmıyor,Egy bűnöző büntetlen maradt,Злочинець уникнув кари,Tội phạm không bị trừng phạt
mind.crime_punished,hint_mind_crime_punished,Был наказан,Has been punished,Has been punished,Oběť trestu,Recebeu punição,Ha recibido un castigo,Ukarano mnie,被惩罚,受到責罰,処罰された,처벌받음,Wurde bestraft,A reçu une punition,Ha subito un castigo,Cezalandırıldı,Meg lett büntetve,Зазнає кари,Đã bị trừng phạt
mind.crime_unfairly_punished,hint_mind_crime_unfairly_punished,Жертва произвола,Victim of abuse,Victim of abuse,Oběť zneužívání,Vítima de abuso,Víctima de abuso,Ofiara nękania,受虐待的受害者,受到虐待,虐待の被害者,모욕 피해자,Opfer einer Misshandlung,Victime d'une erreur judiciaire,Vittima di abusi,Şiddet kurbanı,Bántalmazás áldozata,Жертва несправедливого покарання,Nạn nhân của sự lạm dụng
mind.crime_victim,hint_mind_crime_victim,Жертва преступления,Victim of a crime,Victim of a crime,Oběť zločinu,Vítima de um crime,Víctima de un crimen,Ofiara przestępstwa,遭到迫害,犯罪受害者,犯罪の被害者,범죄 피해자,Opfer eines Verbrechens,Victime d'un crime,Vittima di un crimine,Suç kurbanı,Bűntett áldozata,Жертва злочину,Nạn nhân của một tội ác
mind.deep_talk,hint_mind_deep_talk,Душевно пообщался!,Had a meaningful conversation!,Had a meaningful conversation!,Má za sebou významný rozhovor!,Teve uma conversa significativa!,¡Ha tenido una conversación importante!,Odbyto głęboką rozmowę!,进行了有意义的对话！,深度交流,有意義な会話ができた！,의미 있는 대화를 나눔!,Hatte ein tiefgründiges Gespräch!,A eu une conversation intéressante !,Ha avuto una conversazione significativa!,Anlamlı bir sohbet gerçekleştirdi!,Volt egy tartalmas beszélgetése!,Була змістовна розмова!,Đã có cuộc trò chuyện ý nghĩa!
mind.dice_of_fate_bad_luck,hint_mind_dice_of_fate_bad_luck,Кости предсказывают потерю!,Bones predict loss!,Bones predict loss!,Kosti předpovídají prohru!,Os ossos preveem perda!,¡Los huesos predicen la derrota!,Kości zwiastują stratę!,骨头预示着损失！,占卜出霉運！,骨占術で敗北すると出ている！,뼈점에서 패배가 나옴!,Die Knochen prophezeien Verlust!,Les os prédisent un destin funeste !,Le ossa predicono una perdita!,Kemikler mağlubiyet diyor!,A csontok veszteséget jósolnak!,Кістки пророкують втрату!,Xương báo hiệu sự mất mát!
mind.dice_of_fate_luck,hint_mind_dice_of_fate_luck,Кости обещают мне удачу!,Bones promise me luck!,Bones promise me luck!,Kosti mi slibují štěstí!,Os ossos me prometem sorte!,¡Los huesos me prometen fortuna!,Kości zwiastują sukces!,骨头给我带来好运！,占卜出好運！,骨占術で幸運が約束されている！,뼈점에서 행운을 약속함!,Die Knochen prophezeien mir Glück!,Les os prédisent une bonne fortune !,Le ossa mi promettono fortuna!,Kemikler şans vaadi veriyor!,A csontok szerencsét ígérnek!,Кістки обіцяють щастя!,Xương hứa hẹn sẽ mang lại may mắn cho tôi!
mind.disease_death_inevitable,hint_mind_disease_death_inevitable,Смерть неизбежна,Death is inevitable,Death is inevitable,Smrt je nevyhnutelná,A morte é inevitável,La muerte es inevitable,Śmierć jest nieuchronna,死亡是不可避免的,大限將至,死は避けられない,피할 수 없는 죽음,Tod ist unvermeidbar,La mort est inévitable,La morte è inevitabile,Ölüm kaçınılmaz,A halál elkerülhetetlen,Неминуча смерть,Cái chết là điều không thể tránh khỏi
mind.disease_easy,hint_mind_disease_easy,Легкая болезнь,Mild illness,Mild illness,Lehká nemoc,Doença leve,Enfermedad leve,Lekka choroba,轻症,輕微傷病,軽病,경증 질병,Leichte Krankheit,Maladie bénigne,Malattia lieve,Hafif hastalık,Enyhe betegség,Легка хвороба,Bệnh nhẹ
mind.disease_hard,hint_mind_disease_hard,Тяжелая болезнь,Severe illness,Severe illness,Vážná nemoc,Doença grave,Enfermedad grave,Poważna choroba,重病,重大傷病,重病,중증 질병,Schwere Krankheit,Maladie grave,Malattia grave,Ağır hastalık,Súlyos betegség,Тяжка хвороба,Bệnh nặng
mind.disease_middle,НЕ ИСПОЛЬЗУЕТСЯ,Средняя болезнь,Moderate illness,Moderate illness,Středně těžká nemoc,Doença moderada,Enfermedad moderada,Umiarkowana choroba,中度疾病,中度傷病,普通の病気,일반 질병,Mittelschwere Krankheit,Maladie inquiétante,Malattia moderata,Orta derece hastalık,Középsúlyos betegség,Хвороба середньої тяжкості,Bệnh vừa phải
mind.drank,hint_mind_drank,Действие алкоголя,Effect of alcohol,Effect of alcohol,Účinek alkoholu,Efeito do álcool,Efecto del alcohol,Efekt alkoholu,酒精效果,酒精影響,アルコールの影響,술의 효과,Auswirkungen von Alkohol,Sous l'effet de l'alcool,Effetto degli alcolici,Alkol etkisi,Az alkohol hatása,Під дією алкоголю,Tác dụng của rượu
mind.drank_nectar,hint_mind_drank_nectar,Действие нектара,Effect of nectar,Effect of nectar,Účinek nektaru,Efeito do néctar,Efecto del néctar,Efekt nektaru,蜜酿效果,蜜露影響,ネクタルの影響,넥타의 효과,Einfluss von Nektar,Sous l'effet du nectar,Effetto del nettare,Nektar etkisi,A nektár hatása,Під дією нектару,Tác dụng của mật hoa
mind.beer_addiction,hint_mind_beer_addiction,Острое желание выпить пива,Craving for beer,Craving for beer,Touha po pivu,Desejo de cerveja,Ansia de tomar cerveza,Chcę piwa,渴求啤酒,酒癮發作,ビールへの飢え,맥주 갈망 중,Wünscht sich Bier,A envie de bière,Brama di birra,Canı bira çekiyor,Sörre vágyik,Тягне на пиво,Thèm uống bia
mind.nectar_addiction,hint_mind_nectar_addiction,Острое желание выпить нектар,Craving for nectar,Craving for nectar,Touha po nektaru,Desejo de néctar,Ansia de tomar néctar,Chcę nektaru,渴求蜜酿,蜜露癮發作,ネクタルへの飢え,넥타 갈망 중,Wünscht sich Nektar,A envie de nectar,Brama di nettare,Canı nektar çekiyor,Nektárra vágyik,Тягне на нектар,Thèm uống mật hoa
mind.enemy_actor_dead,hint_mind_enemy_actor_dead,Смерть врага,Death of an enemy,Death of an enemy,Smrt nepřítele,Morte de um inimigo,Muerte de un enemigo,Śmierć wroga,敌人死亡,敵人身亡,敵の死,적의 죽음,Tod eines Feindes,Mort d'un ennemi,Morte di un nemico,Düşmanın ölümü,Egy ellenség halála,Смерть ворога,Cái chết của kẻ thù
mind.enemy_actor_heavy_disease,hint_mind_enemy_actor_heavy_disease,Надежда на смерть врага,Hope for the death of an enemy,Hope for the death of an enemy,Doufá ve smrt nepřítele,Espera a morte de um inimigo,Esperanza de que un enemigo muera,Nadzieja na śmierć wroga,希望敌人死亡,期待敵人身亡,敵の死を願う,적의 죽음을 바람,Hofft auf den Tod eines Feindes,Espère la mort d'un ennemi,Speranza per la morte di un nemico,Düşmanın ölümünü umuyor,Reménykedik egy ellenség halálában,Надія на смерть ворога,Chờ đợi cái chết của kẻ thù
mind.envy_happy,hint_mind_envy_happy,Завидует,Envious,Envious,Závistivost,Inveja,Envidioso,Zazdroszczę,嫉妒,嫉妒心重,妬ましい,질투,Missgünstig,Envie,Invidia,Haset,Irigy,Заздрісний,Ghen tị
mind.evil_joke,hint_mind_evil_joke,Надо мной посмеялись!,Was laughed at!,Was laughed at!,Terč posměchu!,Vítima de zombaria,Ha sufrido burlas,Wyśmiano mnie,被嘲笑了！,受人嘲笑！,笑われた！,비웃음당함!,Wurde ausgelacht!,A subit des moqueries,Ha subito una derisione!,Dalga geçildi!,Kinevették!,Осміяно!,Bị cười nhạo!
mind.execution_watch,hint_mind_execution_watch,Зрелище казни,Spectacle of an execution,Spectacle of an execution,Pozorování popravy,Espetáculo de execução,Espectáculo de una ejecución,Spektakl kaźni,处决的场面,觀賞處決,処刑の観覧,처형 구경,Spektakel einer Hinrichtung,A assisté à une exécution,Spettacolo di un'esecuzione,İdam töreni,Egy kivégzés látványa,Видовище старти,Cảnh hành quyết
mind.exhaustion,hint_mind_exhaustion,Истощение,Exhaustion,Exhaustion,Vyčerpání,Exaustão,Agotamiento,Wycieńczenie,疲惫,飢餓衰竭,疲労困憊,탈진,Überanstrengung,Épuisement,Sfinimento,Yorgunluk,Kimerültség,Виснаження,Mệt mỏi
mind.faction_actor_dead,hint_mind_faction_actor_dead,Смерть члена семьи,Death of a family member,Death of a family member,Smrt člena rodiny,Morte de um membro da família,Muerte de un miembro de la familia,Śmierć członka rodziny,家庭成员去世,家人逝世,家族の死,가족의 사망,Tod eines Familienmitglieds,Perte d'un membre de sa famille,Morte di un familiare,Aile ferdinin ölümü,Egy családtag halála,Смерть рідної людини,Cái chết của một thành viên trong gia đình
mind.fanatic,hint_mind_fanatic,Фанатично верующий,Fanatically religious,Fanatically religious,Fanatická pobožnost,Fanaticamente religioso,Fanatismo religioso,Religijny fanatyzm,狂热的宗教信徒,狂熱信仰,狂信的な宗教,광신도,Fanatisch religiös,Fanatisme religieux,Fanatismo religioso,Fanatik dindar,Fanatikusan vallásos,Фанатична релігійність,Tôn thờ tôn giáo một cách cuồng tín
mind.fight_positive,hint_mind_fight_positive,Выпустил пар!,Let off steam!,Let off steam!,Vypuštění páry,Extravasando!,¡Ha liberado tensiones!,Rozładowano emocje,发泄一下！,酣暢淋漓！,息抜きをする！,화를 풀자!,Hat Dampf abgelassen!,Se défoule au combat,Si diverte!,Stres attı!,Kiengedi a gőzt!,Випущено пару!,Giải tỏa cảm xúc!
mind.flattery,hint_mind_flattery,Польщен,Flattered,Flattered,Poslouchání lichotek,Recebeu lisonjeio,Ha recibido adulaciones,Schlebiano mi,被奉承,受人奉承,お世辞を言われた,아첨받음,Geschmeichelt,A reçu des compliments,Adulazione ricevuta,Gururu okşandı,Meg van tisztelve,Улещено,Được tâng bốc
mind.force_action_task,hint_mind_force_action_task,Стресс от принуждения,Stress from coercion,Stress from coercion,Stres z nátlaku,Estresse da coerção,Estrés por extorsión,Stres w wyniku przymusu,强迫带来的压力,被迫,強制によるストレス,강요로 인한 스트레스,Stress durch Nötigung,Stress dû à de la coercition,Stress da coercizione,Baskı nedeniyle stresli,Kényszer okozta stressz,Стрес від примушення,Căng thẳng do bị cưỡng ép
mind.seduce_task,hint_mind_seduce_task,Меня использовали,I have been used,I have been used,Zneužili mě,Usaram-me,Me han utilizado,Wykorzystano mnie,我被利用了,我被利用了,利用された,이용당했어,Ich wurde benutzt,On s'est servi de moi,Mi hanno usato,Kullanıldım,Kihasználtak,Мною скористалися,Tôi đã bị lợi dụng
mind.game_of_dice_loose,hint_mind_game_of_dice_loose,Проигрыш в кости,Lost in a dice game,Lost in a dice game,Prohra v kostkách,Perda no jogo de dados,Ha perdido una partida de dados,Przegrana w kości,输掉一局骰子游戏,賭骰子輸了,さいころ賭博で負けた,주사위 게임에서 패배,Hat beim Würfelspiel verloren,A perdu aux dés,Sconfitta ai dadi,Zarda kaybetti,Vesztett a kockán,Програш у кості,Thua trong trò chơi xúc xắc
mind.game_of_dice_win,hint_mind_game_of_dice_win,Выигрыш в кости,Won in a dice game,Won in a dice game,Výhra kostkách,Vitória no jogo de dados,Ha ganado una partida de dados,Wygrana w kości,在一局骰子游戏中获胜,賭骰子贏了,さいころ賭博で勝った,주사위 게임에서 승리,Hat beim Würfelspiel gewonnen,A gagné aux dés,Vittoria ai dadi,Zarda kazandı,Nyert a kockán,Виграш у кості,Thắng trong trò chơi xúc xắc
mind.good_joke,hint_mind_good_joke,Рассказали шутку,Told a joke,Told a joke,Vyprávění vtipu,Contou uma piada,Le han contado un chiste,Opowiedziano dowcip,讲了个笑话,說了笑話,冗談を言った,농담을 함,Hat einen Witz erzählt,A raconté une blague,Ha raccontato una barzelletta,Şaka yaptı,Mondott egy viccet,Сказано жарт,Kể một câu chuyện cười
mind.hangover,hint_mind_hangover,Похмелье,Hangover,Hangover,Kocovina,Ressaca,Resaca,Kac,宿醉,宿醉,二日酔い,숙취,Verkatert,Gueule de bois,Sbornia,Akşamdan kalma,Másnaposság,Похмілля,Cơn say rượu
mind.nectar_hangover,hint_mind_nectar_hangover,Нектарное похмелье,Nectar hangover,Nectar hangover,Kocovina z nektaru,Ressaca de néctar,Resaca de néctar,Kac od nektaru,蜜酿宿醉,蜜露宿醉,ネクタルで二日酔い,넥타 숙취,Nach Nektargenuss verkatert,Redescente de nectar,Sbornia da nettare,Nektar yüzünden akşamdan kalma,Nektár okozta másnaposság,Нектарне похмілля,Cơn say mật hoa
mind.force_donate,hint_mind_force_donate,Был вынужден пожертвовать,Was forced to sacrifice,Was forced to sacrifice,Vynucená oběť,Sacrifício forçado,Se ha sacrificado a la fuerza,Zmuszono do ofiary,被迫牺牲,被迫捐獻,犠牲を強いられた,강제로 제물을 바침,Wurde zum Opfern gezwungen,A reçu l'ordre de faire un don,Obbligo di sacrificio,Kurban etmeye zorlandı,Áldozatra kényszerült,Примушено до пожертви,Bị buộc phải hy sinh
mind.hate,hint_mind_hate,Ненависть,Hatred,Hatred,Nenávist,Ódio,Odio,Nienawiść,仇恨,仇恨,憎悪,증오,Hass,Haine,Odio,Nefret,Gyűlölet,Ненависть,Thù hận
mind.homeless,hint_mind_homeless,Бездомный,Homelessness,Homelessness,Bezdomovectví,Sem casa,Sin hogar,Bezdomność,无家可归,無家可歸,路上生活,노숙,Obdachlosigkeit,Sans-abri,Senza casa,Evsizlik,Hajléktalanság,Бездомність,Vô gia cư
mind.hunt,hint_mind_hunt,Удачная охота,Successful hunt,Successful hunt,Úspěšný lov,Caça bem-sucedida,Cacería exitosa,Udane polowanie,狩猎成功,打獵順利,狩りがうまくいった,성공적인 사냥,Erfolgreiche Jagd,Chasse fructueuse,Caccia fruttuosa,Av başarılı,Sikeres vadászat,Успішне полювання,Săn bắn thành công
mind.immobilization,hint_mind_immobilization,Обездвиженность,Immobility,Immobility,Nehybnost,Imobilidade,Inmovilidad,Unieruchomienie,无法移动,動彈不得,不動,거동 불가,Lähmung,Immobilisation,Immobilità,Hareketsizlik,Nem tud mozogni,Нерухомість,Bất động
mind.lot_of_rings,hint_mind_no_rings,Очень много колец,Very many Rings,Very many Rings,Velmi mnoho prstenů,Numerosos anéis,Muchísimos anillos,Bardzo wiele pierścieni,极多圣戒,聖戒極多,リングがとても多い,신성 반지 아주 많음,Sehr viele Ringe,Abondance d'anneaux sacrés,Abbondanti anelli,Çok sayıda yüzük,Nagyon sok Gyűrű,Дуже багато перснів,Rất nhiều chiếc nhẫn
mind.low_rings,hint_mind_low_rings,Мало колец,Few Rings,Few Rings,Málo prstenů,Poucos anéis,Pocos anillos,Mało pierścieni,极少圣戒,聖戒稀少,リングが少ない,신성 반지 거의 없음,Wenige Ringe,Manque d'anneaux sacrés,Pochi anelli,Az yüzük,Néhány Gyűrű,Мало перснів,Ít Nhẫn
mind.loyalty_low,hint_mind_loyalty_low,Низкая лояльность,Low loyalty,Low loyalty,Nízká věrnost,Lealdade baixa,Lealtad baja,Niska lojalność,忠诚度低,忠誠度低落,忠誠心が低い,낮은 충성도,Geringe Loyalität,Faible loyauté,Lealtà bassa,Düşük sadakat,Alacsony hűség,Низька вірність,Lòng trung thành thấp
mind.many_rings,hint_mind_lot_of_rings,Много колец,Many Rings,Many Rings,Mnoho prstenů,Muitos anéis,Muchos anillos,Wiele pierścieni,许多圣戒,聖戒多,リングが多い,신성 반지 많음,Viele Ringe,Beaucoup d'anneaux sacrés,Tanti anelli,Çok yüzük,Sok Gyűrű,Багато перснів,Nhiều Nhẫn
mind.morning_service,hint_mind_morning_service,Утренняя служба,Morning service,Morning service,Ranní bohoslužba,Missa matutina,Servicio matinal,Poranna msza,晨祷,晨禱,朝の礼拝,아침 예배,Morgengottesdienst,Messe matinale,Funzione mattutina,Sabah ayini,Reggeli mise,Ранкова служба,Cầu nguyện buổi sáng
mind.motive.energy.1,hint_mind_motive_energy_1,Сонливость,Sleepiness,Sleepiness,Ospalost,Sonolência,Somnolencia,Senność,困倦,昏昏欲睡,眠気,졸림,Schläfrigkeit,Sommeil,Sonnolenza,Uykulu olma,Álmosság,Сонливість,Buồn ngủ
mind.motive.energy.2,hint_mind_motive_energy_2,Сильная нехватка сна,Severe sleep deprivation,Severe sleep deprivation,Vážná spánková deprivace,Privação severa do sono,Privación del sueño grave,Poważna deprywacja snu,严重睡眠不足,嚴重睡眠不足,深刻な睡眠不足,심각한 수면 부족,Schwerer Schlafentzug,Forte privation de sommeil,Grave privazione di sonno,Aşırı uykusuzluk,Súlyos alváshiány,Сильне недосипання,Thiếu ngủ nghiêm trọng
mind.motive.food.1,hint_mind_motive_food_1,Сытно поел,Had a hearty meal,Had a hearty meal,Syté jídlo,Fez uma refeição farta,Ha tenido una comida copiosa,Zjedzono obfity posiłek,吃了丰盛的一餐,飽餐一頓,腹一杯になるまで食べた,배불리 먹음,Hatte eine herzhafte Mahlzeit,A eu un repas copieux,Ha mangiato un lauto pasto,Güzel bir yemek yedi,Kiadósat étkezett,Добре нагодовано,Đã có bữa ăn ngon
mind.motive.food.2,hint_mind_motive_food_2,Легкий голод,Mild hunger,Mild hunger,Mírný hlad,Fome leve,Hambre leve,Lekki głód,轻微饥饿,略感飢餓,多少の空腹,가벼운 허기,Leichter Hunger,Faim modérée,Fame lieve,Hafif açlık,Enyhe éhségérzet,Легкий голод,Đói nhẹ
mind.motive.food.3,hint_mind_motive_food_3,Голод,Hunger,Hunger,Hlad,Fome,Hambre,Głód,饥饿,飢餓難忍,空腹,허기,Hunger,Faim,Fame,Açlık,Éhségérzet,Голод,Đói
mind.motive.food.4,hint_mind_motive_food_4,Сильный голод,Severe hunger,Severe hunger,Velký hlad,Fome severa,Hambre grave,Poważny głód,严重饥饿,嚴重挨餓,深刻な空腹,심각한 허기,Großer Hunger,Faim dévorante,Denutrizione,Aşırı açlık,Súlyos éhségérzet,Сильний голод,Đói nặng
mind.motive.rest.1,hint_mind_motive_fun_1,Полон сил,Full of energy,Full of energy,Spousta energie,Muita energia,Plenitud de energía,Mnóstwo energii,精力充沛,精力充沛,体力満タン,넘치는 에너지,Voller Energie,Énergie débordante,Abbondanza di energia,Enerji dolu,Tele van energiával,Енергії по вінця,Tràn đầy năng lượng
mind.motive.rest.2,hint_mind_motive_fun_2,Легкая усталость,Mild fatigue,Mild fatigue,Mírná únava,Fadiga leve,Fatiga leve,Lekkie zmęczenie,轻微疲劳,輕微疲勞,軽度の疲労,가벼운 피로,Geringe Erschöpfung,Légère fatigue,Fatica lieve,Hafif yorgunluk,Enyhe fáradtság,Легка втома,Mệt mỏi nhẹ
mind.motive.rest.3,hint_mind_motive_fun_3,Средняя усталость,Moderate fatigue,Moderate fatigue,Střední únava,Fadiga moderada,Fatiga moderada,Umiarkowane zmęczenie,中度疲劳,中度疲勞,適度な疲労,일반적인 피로,Mittelmäßige Erschöpfung,Fatigue modérée,Fatica moderata,Orta derece yorgunluk,Mérsékelt fáradtság,Середня втома,Mệt mỏi vừa phải
mind.motive.rest.4,hint_mind_motive_fun_4,Смертельная усталость,Fatal fatigue,Fatal fatigue,Smrtelná únava,Fadiga fatal,Fatiga letal,Śmiertelne zmęczenie,极度疲劳,重度疲勞,重度の疲労,치명적인 피로,Lebensgefährliche Erschöpfung,Épuisement mortel,Fatica grave,Ölümcül yorgunluk,Végzetes fáradtság,Фатальна втома,Mệt mỏi nghiêm trọng
mind.motive.religion.1,hint_mind_motive_religion_1,Праведность,Piety,Piety,Zbožnost,Piedade,Piedad,Pobożność,虔诚,聖靈充滿,信心深さ,신앙심,Frömmigkeit,Foi,Devozione,Dindarlık,Áhítat,Набожність,Lòng sùng đạo
mind.motive.religion.2,hint_mind_motive_religion_2,Благодать,Bliss,Bliss,Blaho,Bem-aventurança,Felicidad,Błogość,赐福,幸福愉悅,至福,황홀함,Seligkeit,Félicité,Estasi,Saadet,Boldogság,Блаженство,Hạnh phúc
mind.motive.religion.3,hint_mind_motive_religion_3,Святая София покинула меня,Holy Sophia has forsaken me,Holy Sophia has forsaken me,Svatá Sofie mě opustila.,Santa Sofia me abandonou,Santa Sophia me ha abandonado.,Święta Zofia mnie opuściła,圣索菲亚抛弃了我,聖索菲亞拋棄了我,聖母ソフィアは私をお見捨てになられた。,성모 소피아에게 버림받음,Die Heilige Sophia hat mich verlassen,Sainte Sophia m'abandonne,Madre Sofia mi ha abbandonato,Yüce Sophia beni yüzüstü bıraktı.,Szent Szófia elhagyott engem.,Свята Софія покинула мене.,Thánh Sophia đã bỏ rơi tôi
mind.motive.religion.4,hint_mind_motive_religion_4,Богиня накажет меня!,Goddess will punish me!,Goddess will punish me!,Bohyně mě potrestá!,A Deusa vai me punir!,¡La diosa me castigará!,Bogini mnie ukarze!,女神会惩罚我！,聖母將降罪於我！,女神様の罰が私に下る！,신께서 날 처벌하실 거야!,Die Göttin wird mich strafen!,La déesse va me punir !,La dea mi punirà!,Tanrıçamız beni cezalandıracak!,Az Istennő meg fog büntetni!,Богиня мене покарає!,Nữ thần sẽ trừng phạt tôi!
mind.motive.sex.1,hint_mind_motive_sex_1,Легкое одиночество,Mild loneliness,Mild loneliness,Mírná osamělost,Solidão leve,Soledad leve,Lekka samotność,轻度孤独,略感寂寞,軽度の孤独,가벼운 외로움,Geringe Einsamkeit,Solitude modérée,Solitudine lieve,Hafif yalnızlık,Enyhe magányosság,Легка самотність,Cô đơn nhẹ
mind.motive.sex.2,hint_mind_motive_sex_2,Сексуальное желание,Sexual desire,Sexual desire,Sexuální touha,Desejo sexual,Deseo sexual,Seksualne pożądanie,性欲,性慾高漲,性欲,성욕,Sexualtrieb,Désir sexuel,Desiderio sessuale,Cinsel arzu,Szexuális vágy,Сексуальне бажання,Khao khát tình dục
mind.motive.sex.3,hint_mind_motive_sex_3,Сексуальная одержимость,Sexual obsession,Sexual obsession,Sexuální posedlost,Obsessão sexual,Obsesión sexual,Seksualna obsesja,性成瘾,慾火焚身,性的強迫観念,성적 강박,Sexuelle Besessenheit,Obsession sexuelle,Ossessione sessuale,Cinsel takıntı,Szexuális megszállottság,Сексуальна одержимість,Ám ảnh tình dục
mind.motive.care.1,hint_mind_motive_care_1,Отсутствие внимания родителей,Lack of parental attention,Lack of parental attention,Nedostatek pozornosti rodičů,Falta de atenção parental,Falta de atención paterna,Brak opieki rodzicielskiej,缺乏双亲之爱,缺乏父母陪伴,親からの愛情不足,부모의 돌봄 부족,Zu wenig elterliche Aufmerksamkeit,Manque d'attention des parents,Mancanza di attenzioni genitoriali,Ebeveyn ilgisi eksikliği,A szülői figyelem hiánya,Нестача уваги батьків,Thiếu sự quan tâm của cha mẹ
mind.motive.care.2,hint_mind_motive_care_2,Скучает по родителям,Misses parents,Misses parents,Postrádá rodiče,Saudades dos pais,Padres ausentes,Tęsknota za rodzicami,想念父母,思念父母,両親が恋しい,부모가 그리움,Vermisst die Eltern,En manque de ses parents,Nostalgia dei genitori,Ebeveynlerini özlüyor,Hiányoznak a szülei,Сумує за батьками,Nhớ cha mẹ
mind.motive.care.3,hint_mind_motive_care_3,Брошен родителями,Abandoned by parents,Abandoned by parents,Opuštění rodiči,Abandono parental,Abandono paterno,Porzucenie przez rodziców,被父母遗弃,被父母拋棄,両親から見捨てられた,부모에게서 버림받음,Von Eltern im Stich gelassen,Abandon des parents,Abbandono dei genitori,Ebeveynleri tarafından terk edilmiş,A szülei elhagyták,Покинуто батьками,Bị cha mẹ bỏ rơi
mind.new_town_resident,hint_mind_new_town_resident,Оптимизм нового жителя,Optimism of a new resident,Optimism of a new resident,Optimismus z nového obyvatele,Otimismo de um morador novo,Optimismo de un nuevo residente,Optymizm nowego mieszkańca,新居民的乐观心态,樂觀新面孔,新住民の楽観主義,새로운 주민의 낙관,Optimismus eines neuen Einwohners,Optimisme dû à un nouveau lieu de vie,Ottimismo per il recente trasferimento,Yeni sakin konusunda iyimser,Az új lakó optimizmusa,Оптимізм нового жителя,Lạc quan của một cư dân mới
mind.night_murder,hint_mind_night_murder,Подлое убийство,Vile murder,Vile murder,Odporná vražda,Assassinato vil,Vil criminal,Podłe morderstwo,恶毒的谋杀,卑劣謀殺,卑劣な殺人,비도덕적인 살인,Ruchloser Mord,Meurtre sauvage,Spregevole omicidio,Korkunç cinayet,Aljas gyilkosság,Мерзенне вбивство,Một vụ giết người dã man
mind.no_rings,hint_mind_no_rings,Нет колец,No rings,No rings,Žádné prsteny,Sem anéis,Sin anillos,Brak pierścieni,没有戒指,沒有聖戒,リングなし,신성 반지 없음,Keine Ringe,Aucun anneau,Nessun anello,Yüzüğü yok,Nincs gyűrű,Немає перснів,Không có nhẫn
mind.no_salary,hint_mind_no_salary,Не получил зарплату,Did not receive a salary,Did not receive a salary,Nedostává mzdu,Não recebeu salário,No ha recibido su salario,Nie otrzymano wypłaty,没有收到工钱,沒收到薪水,給与を受け取らなかった,봉급 받지 못함,Hat keinen Lohn erhalten,N'a pas reçu de salaire,Non ha ricevuto un compenso,Maaş almadı,Nem kapott fizetést,Зарплату не отримано,Không nhận được lương
mind.pain,hint_mind_pain,Боль от травмы,Pain from injury,Pain from injury,Bolest ze zranění,Dor de uma lesão,Dolor de una lesión,Bolesna rana,受伤引起的疼痛,傷口疼痛,怪我の痛み,부상으로 인한 통증,Schmerzen wegen Verletzung,Douleur due à une blessure,Dolore per le ferite,Yarası nedeniyle acı çekiyor,Sérülés okozta fájdalom,Біль через поранення,Đau vì chấn thương
mind.personality_blockhead,hint_mind_personality_blockhead,Радость глупости,Joy of foolishness,Joy of foolishness,Radost z bláhovosti,Alegria da tolice,Alegría bobalicona,Głupia radość,无知的快乐,胡鬧的歡欣,愚直な喜び,바보의 즐거움,Die Freuden der Torheit,Joie enfantine,Felicità della stupidità,Aptallığın sevinci,A balgaság öröme,Радість через дурість,Niềm vui của sự ngốc nghếch
mind.personality_bloodthirsty_fight,hint_mind_personality_bloodthirsty_fight,Участие в драке,Involved in a fight,Involved in a fight,Zapojení do bitky,Envolveu-se em uma briga,Se ha metido en una pelea,Uczestnictwo w bójce,参与斗殴,捲入鬥毆,喧嘩に巻き込まれた,싸움에 연루됨,In einen Kampf verwickelt,A participé à un combat,Coinvolgimento in una rissa,Kavgaya karıştı,Verekedésbe keveredett,Участь у бійці,Tham gia vào một cuộc đánh nhau
mind.personality_bloodthirsty_saw_fight,hint_mind_personality_bloodthirsty_saw_fight,Запах крови,Smell of blood,Smell of blood,Pach krve,Cheiro de sangue,Olor a sangre,Zapach krwi,血腥味,殘暴嗜血,血の匂い,피 냄새,Geruch von Blut,A senti l'odeur du sang,Odore di sangue,Kan kokusu,Vérszag,Запах крові,Mùi máu
mind.personality_greedy,hint_mind_personality_greedy,Радость богатству,Joy of wealth,Joy of wealth,Radost z bohatství,Alegria da riqueza,Alegría de la riqueza,Radość z bogactwa,拥有财富的喜悦,富裕的滋味,富の喜び,부유함의 기쁨,Freuden des Wohlstands,Joie due à la richesse,Felicità della ricchezza,Zenginlik sevinci,A gazdagság öröme,Радість через багатство,Niềm vui của sự giàu có
mind.quality_of_life_high,hint_mind_quality_of_life_high,Жизнь удалась,Life is fulfilling,Life is fulfilling,Život je uspokojující,A vida é gratificante,La vida es gratificante,Udane życie,生活充实,生活充實,充実した人生,충만한 인생,Das Leben ist erfüllend,La vie est si belle,Vita appagante,Hayat tatmin edici,Az élet kielégítő,Повноцінне життя,Cuộc sống thật thỏa mãn
mind.religious_pain,hint_mind_religious_pain,Религиозное наслаждение от травм,Religious enjoyment of injuries,Religious enjoyment of injuries,Nábožná bolest ze zranění,Regozijo religioso por feridas,Dolor religioso por lesiones,Religijny ból w wyniku ran,虔诚信徒从伤痛中获得快感,傷勢的宗教性歡愉,負傷したことの宗教的満足感,부상의 종교적 향유,Religiöse Freude an Verletzungen,Jouit de ses blessures grâce à la religion,Estasi religiosa provocata dalle ferite,Yaralanmalardan alınan dindar haz,Sérülések okozta vallásos fájdalom,Релігійний біль через поранення,Những tín đồ sùng đạo tìm thấy niềm vui từ nỗi đau
mind.sex_bribe_dummy,hint_mind_sex_bribe_dummy,Унизился до секса с крестьянином,Lowered myself to have sex with a peasant,Lowered myself to have sex with a peasant,Ponížení ze sexu s rolníkem,Rebaixei-me ao fazer sexo com um membro do campesinato,Me he rebajado a tener sexo con el campesinado,Zniżono się do seksu z gminem,委身与平民发生性关系,自貶身分與庶民性交,農民と性交するために自分を貶めた,농민과의 성관계를 위해 자신을 낮춤,"Habe mich dazu herabgelassen, mit einem Mitglied des Bauernstandes Sex zu haben","J'ai couché avec un membre du bas peuple, quelle honte !",Vergogna per un rapporto sessuale con una persona del popolo,Bir köylüyle sevişmek benim gibi birine yakışmadı,"Lealacsonyítottam magam, hogy egy paraszttal háljak",Приниження через секс із селянами,Hạ mình để làm tình với một nông dân
mind.sex_bribe_slave,hint_mind_sex_bribe_slave,Секс за деньги,Sex for money,Sex for money,Sex za peníze,Sexo por dinheiro,Sexo a cambio de dinero,Seks za pieniądze,以性关系换取金钱,出賣肉體,金銭目的の性交,돈을 위한 성관계,Sex gegen Geld,A vendu son corps,Sesso per denaro,Para karşılığında seks,Szex pénzért,Секс за гроші,Chịch để kiếm tiền
mind.sex_orgasm,hint_mind_sex_orgasm,Был оргазм,Had an orgasm,Had an orgasm,Má za sebou orgasmus,Teve um orgasmo,Ha tenido un orgasmo,Przeżyto orgazm,达到高潮,獲得性高潮,性的絶頂に達した,절정을 느낌,Hatte einen Orgasmus,A eu un orgasme,Ha avuto un orgasmo,Orgazm yaşadı,Orgazmusa volt,Отримано оргазм,Đã đạt cực khoái
mind.sick_was_visit,hint_mind_sick_was_visit,Сочувствие болезни,Empathy for illness,Empathy for illness,Soucit k nemocné,Empatia devido à doença,Empatía por la enfermedad,Współczucie wobec chorych,对疾病的同情,憐憫病者,病気への共感,질병에 대한 공감,Empathie für Krankheit,A reçu de la visite pendant sa convalescence,Empatia per la malattia,Hastalık empatisi,Empátia a betegekkel,Співчуття хворим,Sự đồng cảm với bệnh tật
mind.slight,hint_mind_slight,Мною пренебрегают!,I am being neglected!,I am being neglected!,Zanedbávají mě!,Estão me negligenciando!,¡Me están ninguneando!,Wzgardzono mną!,我被忽视了！,我被藐視了！,私はないがしろにされている！,난 방치되고 있어!,Ich werde vernachlässigt!,Personne ne s'occupe de moi !,Non ricevo attenzioni!,İhmal ediliyorum!,Elhanyagolnak!,Мною нехтують!,Tôi đang bị lãng quên!
mind.starvation,hint_mind_starvation,Голодание,Starvation,Starvation,Hladovění,Fome extrema,Inanición,Wygłodzenie,饥饿,飢餓衰竭,飢餓,굶주림,Hunger,Meurt de faim,Inedia,Açlık,Éhezés,Голод,Đói
mind.terror,hint_mind_terror,Террор,Terror,Terror,Teror,Terror,Terror,Terror,恐慌,恐怖,恐怖,공포,Terror,Terreur,Terrore,Dehşet,Terror,Терор,Khủng bố
mind.toothache,hint_mind_toothache,Болит зуб,Toothache,Toothache,Bolest zubů,Dor de dente,Dolor de muelas,Ból zęba,牙痛,牙痛,歯痛,치통,Zahnschmerzen,A mal aux dents,Mal di denti,Diş ağrısı,Fogfájás,Зубний біль,Đau răng
mind.knowledge_fatigue,hint_mind_knowledge_fatigue,Усталость от знаний,Fatigue from knowledge,Fatigue from knowledge,Únava ze znalostí,Fadiga por conhecimento,Fatiga por conocimiento,Zmęczenie wiedzą,疲于学习知识,知識疲勞,知識からくる疲労,지식으로 인한 피로,Erschöpfung durch Wissen,Fatigue due aux études,Fatica da conoscenza,Öğrenmekten yorgun,A tudás okozta fáradtság,Втома від знань,Mệt mỏi từ việc học
mind.try_to_posion_me,hint_mind_try_to_posion_me,Пытались отравить,Attempted poisoning,Attempted poisoning,Pokus o otravu,Tentativa de envenenamento,Intento de envenenamiento,Próba otrucia,投毒未遂,下毒未遂,毒殺を試みた,독살 시도 중,Versuchte Vergiftung,Tentative d'empoisonnement,Tentato avvelenamento,Zehirleme girişimi,Mérgezési kísérlet,Спроба отруєння,Cố gắng đầu độc
mind.ugly_scars,hint_mind_ugly_scars,Уродливые шрамы,Ugly scars,Ugly scars,Ošklivé jizvy,Cicatrizes feias,Cicatrices feas,Brzydkie blizny,丑陋的伤疤,醜疤痕,醜い傷跡,보기 싫은 흉터,Hässliche Narben,Cicatrices hideuses,Orribili cicatrici,Çirkin yara izleri,Rusnya hegek,Потворні шрами,Vết sẹo xấu xí
mind.work_fatigue,hint_mind_work_fatigue,Усталость от работы,Fatigue from work,Fatigue from work,Únava z práce,Fadiga por trabalhar,Fatiga por trabajo,Zmęczenie pracą,疲于工作,工作疲勞,仕事の疲れ,일로 인한 피로,Erschöpfung durch Arbeit,Épuisement professionnel,Fatica da lavoro,İş yorgunluğu,Fáradtság a munkától,Втома від роботи,Mệt mỏi từ công việc
mind.inspection_fatigue,hint_mind_inspection_fatigue,Усталость от инспекции,Fatigue from inspections,Fatigue from inspections,Únava z inspekcí,Fadiga por inspecionar,Fatiga por inspecciones,Zmęczenie inspekcjami,疲于应付视察,視察疲勞,検査疲れ,점검으로 인한 피로,Erschöpfung durch Inspektionen,Fatigue due aux inspections,Fatica da ispezioni,Teftiş yorgunluğu,Fáradtság az ellenőrzések miatt,Втома від інспекцій,Mệt mỏi từ kiểm tra
mind.paramour,hint_mind_paramour,В отношениях,In a relationship,In a relationship,Ve vztahu,Em um relacionamento,En una relación,W związku,在一段关系中,交往中,交際中,연애 중,In einer Beziehung,En couple,In una relazione,İlişkisi var,Kapcsolatban,У стосунках,Đang yêu
mind.ex_paramour,hint_mind_ex_paramour,Разрыв отношений,Relationship breakup,Relationship breakup,Rozchod,Fim de relacionamento,Ruptura de la relación,Zerwanie związku,感情破裂,分手,交際の終了,헤어짐,Beendete Beziehung,A rompu,Rottura della relazione,İlişkisi bitti,Szakítás,Розрив стосунків,Chia tay
mind.love,hint_mind_love,"Влюбленность: ",In love:,In love:,Zamilovanost:,Amando:,Enamoramiento:,Kocha:,恋爱中：,愛戀：,恋愛中：,사랑에 빠짐:,Liebt:,Amoureux·se de :,Ama:,Âşık:,Szerelmes:,Кохає:,Đang yêu:
mind.refuse_flirt_full,hint_mind_refuse_flirt_full,Был отвержен,Been rejected,Been rejected,Odmítnutí,Recebeu rejeição,Ha sufrido un rechazo,Odrzucono zaloty,被拒绝,遭到拒絕,断られた,거절당함,Wurde abgewiesen,Mes avances ont été rejetées,Rifiuto delle avance,Reddedildi,Visszautasították,Пережито відмову,Bị từ chối
mind.refuse_flirt,hint_mind_refuse_flirt,Отказ в свидании,Denied a date,Denied a date,Odmítnutí rande,Recusou um encontro,Le han negado una cita,Odmówiono schadzki,拒绝约会,拒絕約會,デートの誘いを断られた,데이트 거부당함,Hat ein Rendezvous abgelehnt,Proposition de rendez-vous galant refusée,Non ha ottenuto un incontro romantico,Randevuyu reddetti,Nem akart randevúzni,Відмова у побаченні,Bị từ chối một buổi hẹn
mind.flirt,hint_mind_flirt,Предстоит свидание,Upcoming date,Upcoming date,Chystané rande,Encontro próximo,Cita cercana,Niedługo ma schadzkę,即将到来的约会,約會快到了,デートが予定されている,다가오는 데이트,Bevorstehendes Rendezvous,Rendez-vous galant imminent,Incontro romantico imminente,Gelecek randevu,Közelgő randevú,Заплановане побачення,Sắp có buổi hẹn
mind.convicted_of_adultery,hint_mind_convicted_of_adultery,Измена партнера,Partner's infidelity,Partner's infidelity,Nevěra partnera,Infidelidade do parceiro,Infidelidad de pareja,Niewierność partnera,伴侣的不忠,伴侶不忠,パートナーの不倫,파트너의 외도,Untreue des Partners,Partenaire infidèle,Partner infedele,Aldatılma,Hűtlen partner,Подружня зрада,Sự không chung thủy của bạn đời
mind.adultery,hint_mind_adultery,Стыд от измены партнеру,Shame from partner's infidelity,Shame from partner's infidelity,Ostuda kvůli nevěře partnera,Vergonha pela infidelidade do parceiro,Vergüenza por infidelidad de pareja,Wstyd z powodu niewierności partnera,伴侣不忠带来的耻辱,愧對伴侶,パートナーの不倫による羞恥心,파트너의 외도로 인한 수치심,Schande wegen Untreue des Partners,A honte de l'infidélité de son ou sa partenaire,Vergogna per partner infedele,Aldatıldığı için utanıyor,Szégyen a partnere hűtlensége miatt,Сором за подружню зраду,Xấu hổ vì sự không chung thủy của bạn đời
mind.suspicion_of_adultery,hint_mind_suspicion_of_adultery,Подозревает измену,Suspects infidelity,Suspects infidelity,Podezření na nevěru,Suspeita de infidelidade,Sospecha de infidelidad,Podejrzewa niewierność,怀疑伴侣不忠,懷疑伴侶不忠,不倫の疑い,외도 의심 중,Verdacht auf Untreue,Suspecte l'infidélité de son ou sa partenaire,Sospetta infedeltà,Aldatıldığından şüpheleniyor,Hűtlenségre gyanakszik,Підозрює подружню зраду,Nghi ngờ sự không chung thủy
mind.restrictions,hint_mind_restrictions,Запреты,Restrictions,Restrictions,Omezení,Restrições,Restricciones,Ograniczenia,限制,限制,制限事項,제한,Einschränkungen,Restrictions,Restrizioni,Kısıtlamalar,Korlátozások,Обмеження,Hạn chế
mind.want_to_breakout,hint_mind_want_to_breakout,Скучает по близким,Misses loved ones,Misses loved ones,Postrádá milované osoby,Saudades de entes queridos,Echa de menos a seres queridos,Tęsknota za bliskimi,想念亲人,思念親人,愛する人が恋しい,사랑하는 사람이 그리움,Vermisst geliebte Personen,En manque de ses proches,Nostalgia dei suoi cari,Sevdiklerini özlüyor,Hiányoznak a szerettei,Сумує за близькими,Nhớ người thân yêu
mind.breakout_happy,hint_mind_breakout_happy,Радость свободы,Joy of freedom,Joy of freedom,Radost ze svobody,Alegria da liberdade,Alegría por la libertad,Radość z wolności,自由的喜悦,自由的滋味,自由の喜び,자유의 기쁨,Freude an der Freiheit,Joie due à la liberté,Felicità della libertà,Özgürlük sevinci,A szabadság öröme,Радість через свободу,Niềm vui của tự do
mind.child_born,hint_mind_child_born,Родился ребёнок,Child born,Child born,Rození dítěte,Nascimento de uma criança,Ha nacido un infante,Narodziny dziecka,孩子出生,誕下新生命,子供が生まれた,자녀 탄생,Kind geboren,A donné naissance,Nuova nascita,Çocuk doğdu,Gyermeke született,Народилася дитина,Sinh con
mind.ale_drinking,hint_mind_ale_drinking,Душистое послевкусие эля,Aromatic aftertaste of ale,Aromatic aftertaste of ale,Aromatická chuť ležáku,Sabor aromático da cerveja ale,Retrogusto aromático de la ale,Aromatyczny posmak piwa,麦酒的余香,麥酒的餘韻,エールの芳香な後味,에일의 향긋한 뒷맛,Aromatischer Nachgeschmack von Ale,L'arrière-goût de l'ale est agréable,Retrogusto della birra aromatica,Biranın damakta kalan tadı,A sörpárlat aromás utóíze,Ароматний післясмак елю,Hương vị thơm của bia
mind.moonshine_drinking,hint_mind_moonshine_drinking,Отвратительный самогон,Repulsive moonshine,Repulsive moonshine,Odporná pálenka,Aguardente repulsiva,Licor repulsivo,Odrażający bimber,难以下咽的劣酒,噁心的劣酒,反吐がでるような密造酒,역겨운 밀주,Widerlicher Schnaps,La gnôle a un goût affreux,Liquore disgustoso,İğrenç kaçak içki,Rettenetes lőre,Відразливий самогон,Rượu dở khó nuốt
mind.meat_eating,hint_mind_meat_eating,Вкусное мясо,Delicious meat,Delicious meat,Lahodné maso,Carne deliciosa,Carne deliciosa,Pyszne mięso,美味的肉,美味的烤肉,美味なる肉,맛있는 고기,Köstliches Fleisch,La viande est délicieuse,Carne deliziosa,Lezzetli et,Ínycsiklandó hús,Смачне м'ясо,Thịt ngon
mind.swede_eating,hint_mind_swede_eating,Невкусная брюква,Tasteless rutabaga,Tasteless rutabaga,Nechutný tuřín,Couve-nabo sem sabor,Colinabo insípido,Brukiew bez smaku,无味的芜菁,乏味的洋蕪菁,味のしないルタバガ,맛이 없는 루타바가,Geschmacklose Steckrüben,Le rutabaga est fade,Rapa insapore,Tatsız şalgam,Ízetlen karórépa,Прісна бруква,Củ cải rutabaga không có hương vị
mind.desire_success,hint_mind_desire_success,Исполненное желание,Fulfilled desire,Fulfilled desire,Naplněná touha,Desejo realizado,Deseo satisfecho,Spełniono pragnienie,满足的欲望,滿足了慾望,欲求が満たされた,충족된 욕망,Erfüllte Sehnsucht,Désir comblé,Desiderio esaudito,Giderilmiş arzu,Beteljesült vágy,Бажання здійснено,Đáp ứng mong muốn
mind.anguished_desire,hint_mind_anguished_desire,Мучительное желание,Torturous desire,Torturous desire,Mučivá touha,Desejo tortuoso,Deseo torturador,Intensywne pragnienie,痛苦的欲望,飽受慾望折磨,苛烈な欲望,고통스러운 욕망,Quälende Sehnsucht,Désir viscéral,Desiderio straziante,Acı veren arzu,Kínzó vágy,Болісне бажання,Mong muốn đau đớn
mind.obsession_desire,hint_mind_obsession_desire,Одержимость желанием,Obsession with desire,Obsession with desire,Posedlost touhou,Obsessão pelo desejo,Obsesión con un deseo,Obsesja pragnienia,沉溺于欲望,慾望薰心,欲望への執着,욕망에 대한 강박,Von Sehnsucht besessen,Désirs obsessionnels,Ossessione per un desiderio,Arzu takıntısı,Megszállott vágy,Одержимість бажанням,Ám ảnh về mong muốn
mind.force_donate,hint_mind_many_rings,Вынужденное пожертвование,Forced to donate,Forced to donate,Donucení k příspěvku,Doação forçada,Obligación de donar,Wymuszony datek,被迫捐献,被迫捐獻,寄付を強要された,강제로 기부함,Zum Spenden gezwungen,Obligation de faire un don,Dono obbligatorio,Bağışlamaya zorlandı,Adakozni kényszerül,Примушення до пожертви,Bị ép phải quyên góp
mind.bandits_profit_premonition,hint_bandits_profit_premonition,Предчувствие наживы,Anticipation of gain,Anticipation of gain,Očekávání zisku,Antecipação de ganhos,Anticipación de ganancia,Oczekiwanie zysku,期待收益,期待滿載而歸,利益への期待,이득 예상,Vorfreude auf Gewinn,Anticipation du butin,Attesa di guadagno,Kazanç beklentisi,A haszon reménye,У передчутті прибутків,Mong chờ lợi nhuận
mind.rescued_from_captivity,hint_mind_rescued_from_captivity,Спасен из плена,Rescued from captivity,Rescued from captivity,Záchrana ze zajetí,Resgataram-lhe do cativeiro,Rescate del cautiverio,Uratowano z niewoli,从囚禁中获救,獲救的俘虜,囚われの身からの救出,포로 상태에서 구출됨,Aus der Gefangenschaft gerettet,Secouru·e de la captivité,Salvataggio dalla prigionia,Esaretten kurtarıldı,Megmenekült a fogságból,Врятовано з полону,Được giải cứu khỏi cảnh tù đày
mind.close_actor_hostage,hint_mind_close_actor_hostage,Близкий в плену,Loved one in captivity,Loved one in captivity,Milovaná osoba v zajetí,Pessoa amada em cativeiro,Ser querido en cautiverio,Bliska osoba w niewoli,亲人被囚,至親被俘,囚われの身となった愛する人,사랑하는 사람이 포로 상태,Geliebte Person in Gefangenschaft,Partenaire en captivité,Persona cara prigioniera,Sevdiği birisi esaret altında,Egy szerette fogságban van,Близька людина в полоні,Người thân yêu bị giam cầm
mind.king_greetings,hint_mind_king_greetings,Произошло приветствие,Greetings occurred,Greetings occurred,Pozdravení,Ocorreram saudações,Ha recibido saludos,Powitanie,致以问候,打了招呼,謁見した,환영받음,Wurde gegrüßt,A reçu un accueil chaleureux,Saluto,Selamlamalar yapıldı,Szívesen fogadták,Відбулися привітання,Nói xin chào
mind.pregnancy_miscarriage,hint_mind_pregnancy_miscarriage,Потеря ребёнка,Loss of a child,Loss of a child,Ztráta dítěte,Perda de um bebê,Ha perdido un infante,Utrata dziecka,失去孩子,失去孩子,子を失った,아이를 잃음,Verlust eines Kindes,A perdu un enfant,Perdita della prole,Çocuk ölümü,Egy gyermek elvesztése,Втрата дитини,Mất một đứa trẻ
mind.have_friend,hint_mind_have_friend,Есть друг,Has a friend,Has a friend,Má přítele,Tem uma amizade,Tiene un amigo,Ma przyjaciela,有一个朋友,交到朋友,友人がいる,친구가 있음,Hat einen Freund,A forger un lien d'amitié,Ha fatto amicizia,Arkadaşı var,Van egy barátja,Є друг,Có một người bạn
mind.patrolling_fatigue,hint_mind_patrolling_fatigue,Усталость от патрулирования,Fatigue from patrolling,Fatigue from patrolling,Únava z hlídkování,Fadiga por patrulhar,Fatiga por patrullar,Zmęczenie patrolem,疲于巡逻,巡邏疲勞,巡回からくる疲労,순찰로 인한 피로,Erschöpft von der Patrouille,Fatigue due aux patrouilles,Fatica da pattugliamento,Devriyeden dolayı yorgun,Fáradtság a járőrözéstől,Втома від патрулювання,Mệt mỏi từ việc tuần tra
mind.fear_of_death,hint_mind_fear_of_death,Страх смерти,Fear of death,Fear of death,Strach ze smrti,Medo da morte,Miedo a la muerte,Strach przed śmiercią,害怕死亡,畏懼死亡,死の恐怖,죽음에 대한 공포,Angst vor dem Tod,Peur de la mort,Paura della morte,Ölüm korkusu,Halálfélelem,Страх смерті,Sợ cái chết
mind.few_fanatics,hint_mind_few_fanatics,Мало фанатиков,Few fanatics,Few fanatics,Málo fanatiků,Poucos fanáticos,Pocos fanáticos,Mało fanatyków,少数狂热信徒,狂熱信徒太少,わずかな狂信者,광신도 거의 없음,Wenige Fanatiker,Peu de fanatiques,Pochi fanatici,Fanatik sayısı az,Kevés a fanatikus,Мало фанатиків,Ít người cuồng tín
mind.sin_cleaned,hint_mind_cleaned_from_sin,Очистился от греха,Cleansed from sin,Cleansed from sin,Očištění od hříchu,Purificação de pecados,Purificación del pecado,Oczyszczono z grzechów,洗清罪孽,洗淨罪孽,罪から清められた,죄에서 정화됨,Von Sünden befreit,A reçu l'absolution pour ses péchés,Purificazione dal peccato,Günahlarından arındı,Megtisztult a bűntől,Очищено від гріха,Được thanh tẩy khỏi tội lỗi
mind.sinner,hint_mind_sinner,Грешник,Sinner,Sinner,Hříšník,Pecador,En pecado,Grzechy,罪人,罪人,罪人,죄인,Sünder,A péché,Commissione di peccati,Günahkâr,Bűnös,Багато гріхів,Tội nhân
mind.defender_of_bandits_camp,не используется,Защитник лагеря бандитов,Defender of the bandit camp,Defender of the bandit camp,Obránce tábora zbojníků,Defende acampamento de bandidos,Defensor del campamento de bandidos,Obrońca obozu bandytów,强盗营地保卫者,劫匪守軍,盗賊の野営地の防衛者,도적 진영 수호자,Verteidiger des Banditenlagers,Défense du camp de bandits,Difesa dell'accampamento dei fuorilegge,Haydut kampının savunucusu,A banditák táborának védelmezője,Оборонець розбійницького табору,Người bảo vệ trại cướp
mind.defender_of_town,не используется,Защитник города,Defender of the city,Defender of the city,Obránce města,Defende a cidade,Defensor de la ciudad,Obrońca miasta,城市保卫者,城鎮守軍,都市の防衛者,도시 수호자,Verteidiger der Stadt,Défense de la cité,Difesa della città,Şehrin savunucusu,A város védelmezője,Оборонець міста,Người bảo vệ thành phố
mind.no_weapons,hint_mind_no_weapons,Нет оружия,No weapon,No weapon,Žádná zbraň,Sem armas,Sin armas,Brak broni,没有武器,無武器,武器なし,무기 없음,Keine Waffe,Aucune arme,Nessuna arma,Silahsız,Nincs fegyver,Немає зброї,Không có vũ khí
mind.separate_living_place,hint_mind_separate_living_place,Отдельное жилье,Separate housing,Separate housing,Oddělené ubytování,Casas separadas,Alojamiento separado,Oddzielne mieszkanie,单独的住房,獨戶住宅,別の住宅,별도의 주거,Getrennte Wohnräume,Résidence indépendante,Abitazione separata,Ayrı konut,Külön szállás,Окреме житло,Nhà ở riêng
mind.sin_shame,hint_sin_shame,Стыд за грехи,Shame for sins,Shame for sins,Stud za hříchy,Vergonha dos pecados,Vergüenza por pecar,Wstyd za grzechy,罪恶感,罪惡感,罪を恥じる,죄에 대한 수치심,Scham wegen Sünden,A honte de ses péchés,Vergogna per i peccati,Günahların utancı,Szégyenkezik a bűnei miatt,Сором за гріхи,Xấu hổ vì tội lỗi
mind.captive,hint_mind_captive,Пленник,Hostage,Hostage,Rukojmí,Refém,Rehén,Zakładnik,人质,俘虜,人質,인질,Geisel,Otage,Ostaggio,Esir,Túsz,У заручниках,Con tin
mind.happy_of_stupidity,hint_mind_happy_of_stupidity,Радость глупости,Joy of foolishness,Joy of foolishness,Radost z bláhovosti,Alegria da tolice,Alegría bobalicona,Głupia radość,无知的快乐,胡鬧的歡欣,愚直な喜び,바보의 즐거움,Die Freuden der Torheit,Joie enfantine,Felicità della stupidità,Aptallığın sevinci,A balgaság öröme,Радість через дурість,Niềm vui của sự ngu ngốc
mind.gambler_no_play,hint_mind_gambler_no_play,Жажда азарта,Craving for excitement,Craving for excitement,Touha po vzrušení,Desejo por empolgação,Ansia por emociones,Szuka emocji,渴望兴奋,賭癮難耐,興奮への渇望,흥분 갈구,Wünscht sich Nervenkitzel,A envie d'adrénaline,Brama di emozione,Heyecan istiyor,Izgalomra vágyik,Бажання гострих відчуттів,khao khát sự phấn khích
mind.battle_squad_command_unhappy,hint_mind_,Управление отрядом,Commanding a squad,Commanding a squad,Velí četě,Comandando um esquadrão,Liderando una escuadra,Dowodzi oddziałem,指挥一支部队,指揮部隊,部隊を指揮する,분대 명령 중,Befehligt einen Trupp,Dirige une escouade,Comanda una squadra,Bir bölüğü komuta ediyor,Egy osztag parancsnoka,Командує загоном,Chỉ huy một đội
mind.disinherited,hint_mind_disinherited,Лишен наследства,Disinherited,Disinherited,Vydědění,Deserdado,Sin herencia,Wydziedziczenie,被剥夺继承权,失去繼承權,継承権を奪われた,상속권 박탈,Enterbt,Déshérité·e,Perdita dell'eredità,Mirastan mahrum bırakıldı,Nem örökölt,Позбавлено спадщини,Bị tước quyền thừa kế
mind.heir_became,hint_mind_heir_became,Стал наследником,Became an heir,Became an heir,Jmenování dědicem,Tornou-se um herdeiro,Se ha convertido en heredero,Ogłoszono spadkobiercą,成为王位继承人,成為王儲,相続人となる,후계자가 됨,Wurde zum Erben,Prétendant·e au trône,Nomina a erede,Vâris oldu,Örökös lett,Отримано статус спадкоємця,Trở thành người thừa kế
mind.my_king_is_saint,hint_mind_my_king_is_saint,Мой король святой,My king is holy!,My king is holy!,Můj král je svatý!,Meu rei é santo!,¡Mi monarca es sagrado!,Król jest święty!,我的君王是神圣的！,侍奉聖王,王は神聖なるお方！,우리 왕은 신성해!,Mein König ist heilig!,Sophia bénit mon monarque !,Santità del monarca,Hükümdarım kutsaldır!,Az uralkodóm szent!,Мій монарх – святий!,Vị vua của tôi là thánh!
mind.not_enough_equipment,hint_mind_not_enough_equipment,Не хватает экипировки,Lacking equipment,Lacking equipment,Postrádá vybavení,Falta de equipamentos,Falta de equipo,Niedobór wyposażenia,缺乏装备,缺少裝備,装備不足,장비 부족,Fehlende Ausrüstung,Manque d'équipement,Mancanza di equipaggiamento,Ekipman eksikliği,Nincs felszerelése,Нестача спорядження,Thiếu trang bị
mind.swede_typh,,Брюквенный тиф,Rutabaga Fever,Rutabaga Fever,Tuřínová horečka,Febre da couve-nabo,Tifus de colinabo,Brukwiowy tyfus,芜菁热症,洋蕪菁熱,ルタバガ熱,루타바가 열병,Steckrübenfieber,Fièvre du rutabaga,Tifo delle rape,Şalgam humması,Karórépaláz,Бруквяна лихоманка,Sốt củ cải rutabaga
mind.commander_stay_in_back,,Командир не в битве!,My commander is not in the battle!,My commander is not in the battle!,Můj velitel není v bitvě!,Meu comandante não está na batalha!,¡Mi comandante no está en la batalla!,Dowódca nie uczestniczy w bitwie!,我的指挥官不在战场上！,我的指揮官沒有參戰！,指揮官が戦闘に参加していない！,지휘관이 전투에 참여하지 않아!,Mein Kommandant ist nicht in der Schlacht!,Notre capitaine ne participe pas à la bataille !,Il mio comandante non è in battaglia!,Kumandanım savaşta değil!,A parancsnokom nincs a harcmezőn!,Мій командир не на полі бою!,Chỉ huy của tôi không có mặt trong trận chiến!
mind.criminal_intimidated,,Запуган палачом,Intimidated by the executioner,Intimidated by the executioner,Zastrašení popravčím,Sofreu intimidação pelo carrasco,Intimidación de un verdugo,Zastraszenie przez kata,被刽子手吓破胆,受劊子手威嚇,死刑執行人に脅された,사형집행인에게 위협받음,Vom Scharfrichter eingeschüchtert,A peur du bourreau,Intimidazione del boia,Cellat tarafından tehdit edildi,Megfélemlítette a hóhér,Залякано катом,Bị dọa nạt bởi người hành hình
mind.fanatic_service_skip,,Не хватает храмов!,We need more temples!,We need more temples!,Potřebujeme víc chrámů!,Precisamos de mais templos!,¡Necesitamos más templos!,Potrzebujemy więcej świątyń!,我们需要更多的圣堂！,我需要教堂！,もっと礼拝堂必要だ！,사원이 더 필요해!,Wir brauchen mehr Tempel!,Il nous faut plus de temples !,Ci servono altri templi!,Daha fazla Tapınak'a ihtiyacımız var!,Több templom kell!,Треба більше храмів!,Chúng ta cần nhiều đền thờ hơn!
mind.got_title,,Получил титул,Received a title,Received a title,Získání titulu,Recebeu um título,Ha recibido un título,Otrzymano tytuł,获得一个爵位,獲封爵位,爵位を受け取った,작위 받음,Hat einen Titel erhalten,A reçu un titre de noblesse,Ha ricevuto un titolo,Ünvan aldı,Kinevezték,Отримано титул,Được phong tước
mind.friend_lost_title,,Моего друга лишили титула,My friend was stripped of lordship,My friend was stripped of lordship,Mého přítele zbavili lordství,Amizade destituída da nobreza,A mi amigo le han retirado el título,Przyjaciela pozbawiono tytułu,我的朋友被剥夺了领主身份,朋友遭褫奪爵位,友人は領主の地位を剝奪された,친구가 영주 작위를 뺏김,Mein Freund hat seinen Adelstitel verloren,Mon ami·e a perdu son titre de noblesse,Un amico ha perso il titolo nobiliare,Dostum asilzadelik ünvanını kaybetti,A barátomat megfosztották a nemesi rangjától,Друга позбавили титулу,Bạn tôi đã bị tước quyền lãnh chúa
mind.sorrow_for_king,,Скорбь по королю,Mourning for the king,Mourning for the king,Oplakávání krále,De luto pelo rei,Luto por el monarca,Żałoba po królu,为君王哀悼,悼念先王,王を弔う,왕을 위해 애도 중,Trauert um den König,En deuil à la suite du décès du monarque,Cordoglio per il monarca,Hükümdar için yas,Gyászolja az uralkodót,Оплакує монарха,Thương tiếc cho nhà vua
mind.loyalist_with_king_squad,,В отряде с королем,In the king's retinue,In the king's retinue,V králově družině,Na comitiva do rei,En el séquito del monarca,W oddziale króla,在君王的扈从中,君王親征,王の従者である,왕의 수행단에 포함,Im Gefolge des Königs,Membre de la retenue du monarque,Al seguito del monarca,Hükümdarın heyetinde,Az uralkodó kíséretében,У монаршій свиті,Trong đoàn tùy tùng của vua
mind.matriarch_dont_love_king,,Матриарх не любит короля,The Matriarch does not like the king,The Matriarch does not like the king,Matriarcha nemá ráda krále,A Matriarca não gosta do rei,A la matriarca no le gusta el monarca,Matrona nie lubi króla,女教皇不喜欢君王,君王不受國母待見,女家長は王が好きになれない,총대주교가 왕을 좋아하지 않음,Die Matriarchin mag den König nicht,La Matriarche n'apprécie pas le monarque,La matriarca non apprezza il monarca,"Maderşah, hükümdarı sevmiyor",A Mátriárka nem szereti az uralkodót,Матріарху не подобається монарх,Trưởng lão không thích nhà vua
mind.prestiged_best,,Самый престижная семья,The most prestigious family,The most prestigious family,Nejprestižnější rodina,A família mais prestigiada,La familia más prestigiosa,Najbardziej prestiżowa rodzina,最有声望的家族,王室威望最高,名門中の名門一族,가장 명망 있는 가문,Die prestigeträchtigste Familie,Membre de la plus prestigieuse famille,Famiglia più prestigiosa,En saygın aile,A legrangosabb család,Найпрестижніша сім'я,Gia đình danh giá nhất
mind.prestiged_worst,,Самая захолустная семья,The most remote family,The most remote family,Nejvzdálenější rodina,A família menos prestigiada,La familia más indigna,Najmniej prestiżowa rodzina,最偏远的家族,王室威信掃地,最も離れた家族,가장 명망 없는 가문,Die unbedeutendste Familie,Membre de la famille la plus éloignée,Famiglia più remota,En saygın aile,A legtávolabbi család,Найменш престижна сім'я,Gia đình kém uy tín nhất
mind.successful_king,,Успешный король,Successful king,Successful king,Úspěšný král,Rei bem-sucedido,Monarca con éxito,Król odnosi sukcesy,成功的君王,君王建功有成,成功を収めた王,성공적인 왕,Erfolgreicher König,Monarque prospère,Monarca di successo,Başarılı hükümdar,Sikeres uralkodó,Успішний монарх,Vị vua thành công
mind.spirit_of_freedom,,Дух свободы,Spirit of freedom,Spirit of freedom,Duch svobody,Espírito de liberdade,Espíritu de libertad,Poczucie wolności,自由的精神,自由的靈魂,自由の精神,자유의 영혼,Geist der Freiheit,Esprit de liberté,Spirito di libertà,Özgürlük ruhu,A szabadság szelleme,Дух свободи,Tinh thần tự do
mind.under_culture_terror,,Террор против моей культуры,Terror against my сulture,Terror against my сulture,Teror proti mé kultuře,Terror contra a minha cultura,Terror contra mi cultura,Terroryzowanie mojej kultury,对我的文化感到恐慌,文化受恐怖打壓,自身の文化に対する恐怖,내 문화를 대상으로 공포 조성,Terror gegen meine Kultur,Terreur à l'encontre de ma culture,Terrore contro la mia cultura,Kültürüme karşı dehşet,Terror a kultúrám ellen,Терор проти моєї культури,Khủng bố chống lại nền văn hóa của tôi
mind.best_culture_gwelts,,Самая сильная армия,The strongest army,The strongest army,Nejsilnější vojsko,O exército mais forte,El ejército más fuerte,Najsilniejsza armia,最强的军队,最強精銳軍,最強の軍隊,가장 강력한 군대,Die stärkste Armee,Notre armée est la plus puissante,Esercito più potente,En güçlü ordu,A legerősebb hadsereg,Найсильніше військо,Quân đội mạnh nhất
mind.best_culture_tanaia,,Матриарх любит наш город,The Matriarch loves our сity,The Matriarch loves our сity,Matriarcha miluje naše město,A Matriarca ama nossa cidade,A la matriarca le encanta nuestra ciudad,Matrona kocha nasze miasto,女教皇爱着我们的城市,城邦受國母寵愛,女家長は私の都市を気に入っている,총대주교가 우리 도시를 사랑함,Die Matriarchin liebt unsere Stadt,La Matriarche adore notre cité,La matriarca ama la nostra città,"Maderşah, şehrimizi seviyor",A Mátriárka szereti a városunkat,Матріарх любить наше місто,Trưởng lão yêu thành phố của chúng tôi
mind.best_culture_makha,,Самый престижный город,The most prestigious city,The most prestigious city,Nejprestižnější město,A cidade mais prestigiada,La ciudad más prestigiosa,Najbardziej prestiżowe miasto,最有声望的城市,城邦威望最高,もっとも名高い都市,가장 명망 있는 도시,Die prestigeträchtigste Stadt,Notre cité est la plus prestigieuse,Città più prestigiosa,En saygın şehir,A legrangosabb város,Найпрестижніше місто,Thành phố danh giá nhất
mind.best_culture_vorun,,Самое большое население,The largest population,The largest population,Největší populace,A maior população,La población más numerosa,Największa populacja,最多的人口,人口最多,人口最大,가장 인구가 많음,Die größte Bevölkerung,Notre cité est la plus peuplée,Popolazione più numerosa,En büyük nüfus,A legnagyobb népesség,Найбільше населення,Dân số đông nhất
mind.worst_culture_gwelts,,Самая слабая армия,The weakest army,The weakest army,Nejslabší vojsko,O exército mais fraco,El ejército más débil,Najsłabsza armia,最弱的军队,最弱雜牌軍,最弱の軍隊,가장 약한 군대,Die schwächste Armee,Notre armée est la plus faible,Esercito più debole,En zayıf ordu,A leggyengébb hadsereg,Найслабше військо,Quân đội yếu nhất
mind.worst_culture_tanaia,,Матриарх не любит наш город,The Matriarch doesn't love our сity,The Matriarch doesn't love our сity,Matriarcha nemiluje naše město,A Matriarca não ama nossa cidade,A la matriarca no le gusta nuestra ciudad,Matrona nie kocha naszego miasta,女教皇不爱我们的城市,城邦不受國母寵愛,女家長は私の都市が好きではない,총대주교가 우리 도시를 사랑하지 않음,Die Matriarchin mag unsere Stadt nicht,La Matriarche n'aime pas notre cité,La matriarca disprezza la nostra città,Maderşah şehrimizi sevmiyor,A Mátriaárka nem szereti a városunkat,Матріарх не любить наше місто,Trưởng lão không yêu thành phố của chúng tôi
mind.worst_culture_makha,,Самый непрестижный город,The least prestigious сity,The least prestigious сity,Nejméně prestižní město,A cidade menos prestigiada,La ciudad menos prestigiosa,Najmniej prestiżowe miasto,声望最低的城市,城邦威信掃地,最も格式のない都市,가장 명망 없는 도시,Die unbedeutendste Stadt,Notre cité est la moins prestigieuse,Città meno prestigiosa,En az saygın şehir,A legkevésbé rangos város,Найменш престижне місто,Thành phố kém uy tín nhất
mind.worst_culture_voruns,,Самое маленькое население,The smallest population,The smallest population,Nejmenší populace,A menor população,La población menos numerosa,Najmniejsza populacja,最少的人口,人口最少,人口最小,가장 인구가 적음,Die kleinste Bevölkerung,Notre cité est la moins peuplée,Popolazione meno numerosa,En küçük nüfus,A legkisebb népesség,Найменше населення,Dân số nhỏ nhất
mind.king_other_culture,,Король другой культуры,King of another culture,King of another culture,Král z jiné kultury,Rei de outra cultura,Monarca de otra cultura,Król innej kultury,出身于不同文化的君王,君王文化背景不同,別の文化圏の王,다른 문화의 왕,König einer anderen Kultur,Notre monarque appartient à une culture différente,Monarca di un'altra cultura,Başka kültürden bir hükümdar,Másik kultúra uralkodója,Монарх з іншої культури,Vua của nền văn hóa khác
mind.fight_for_freedom,,Сражаюсь за свободу,Fighting for freedom,Fighting for freedom,Boj za svobodu,Na luta por liberdade,Luchando por la libertad,Walka o wolność,为自由而战,爭取自由,自由への戦い,자유를 위해 싸우는 중,Kämpft für die Freiheit,Combat pour la liberté,Lotta per la libertà,Özgürlük için savaşıyor,Szabadságharcos,Бореться за свободу,Chiến đấu vì tự do
mind.too_many_xeno_culture,,Слишком много {culture} в городе,Too many {culture} in the city,Too many {culture} in the city,Příliš mnoho členů kultury {culture} ve městě,A cidade está cheia de {culture},Demasiados {culture} en la ciudad,Zbyt wielu członków kultury {culture} w mieście,城市里有太多{culture},城裡有太多{culture}人,街には{culture}が溢れている,도시에 {culture} 너무 많음,Zu viele {culture} in der Stadt,Trop de {culture}s dans la cité,Troppi {culture} in città,Şehirde çok fazla {culture} var,Túl sok a(z) {culture} a városban,У місті забагато {culture},Quá nhiều {culture} trong thành phố
mind.too_many_gwelts,,Слишком много Кайден  в городе,Too many Kaiden in the city,Too many Kaiden in the city,Příliš mnoho Kaidenů ve městě,A cidade está cheia de Kaidens,Demasiados kaiden en la ciudad,Zbyt wielu Kaideńczyków w mieście,城市里有太多凯登人,城裡有太多凱登人,街にはカイデンが溢れている,도시에 카이덴 너무 많음,Zu viele Kaiden in der Stadt,Trop de Kaidens dans la cité,Troppi Kaiden in città,Şehirde çok fazla Kaiden var,Túl sok a kaiden a városban,У місті забагато кейден,Quá nhiều Kaiden trong thành phố
mind.too_many_tanaya,,Слишком много Танайя в городе,Too many Tanaya in the city,Too many Tanaya in the city,Příliš mnoho Tanayů ve městě,A cidade está cheia de Tanayas,Demasiados tanaya en la ciudad,Zbyt wielu Tanayańczyków w mieście,城市里有太多塔纳亚人,城裡有太多塔納雅人,街にはタナヤが溢れている,도시에 타나야 너무 많음,Zu viele Tanaya in der Stadt,Trop de Tanayas dans la cité,Troppi Tanaya in città,Şehirde çok fazla Tanaya var,Túl sok a tanaya a városban,У місті забагато таная,Quá nhiều Tanaya trong thành phố
mind.too_many_makha,,Слишком много Макха в городе,Too many Makha in the city,Too many Makha in the city,Příliš mnoho Makhů ve městě,A cidade está cheia de Makhas,Demasiados makha en la ciudad,Zbyt wielu Makhańczyków w mieście,城市里有太多马哈人,城裡有太多瑪哈人,街にはマーカが溢れている,도시에 마카 너무 많음,Zu viele Makha in der Stadt,Trop de Makhas dans la cité,Troppi Makha in città,Şehirde çok fazla Makha var,Túl sok a makha a városban,У місті забагато маха,Quá nhiều Makha trong thành phố
mind.too_many_voruns,,Слишком много Варны в городе,Too many Varns in the city,Too many Varns in the city,Příliš mnoho Varnů ve městě,A cidade está cheia de Varns,Demasiados varn en la ciudad,Zbyt wielu Varnów w mieście,城市里有太多瓦恩人,城裡有太多瓦恩人,街にはヴァーンが溢れている,도시에 반 너무 많음,Zu viele Varn in der Stadt,Trop de Varns dans la cité,Troppi Varn in città,Şehirde çok fazla Varn var,Túl sok a varn a városban.,У місті забагато варн,Quá nhiều Varns trong thành phố
mind.unfinished_ambition,,Нереализованные амбиции,Unfulfilled ambitions,Unfulfilled ambitions,Naplněné ambice,Ambições não realizadas,Ambiciones insatisfechas,Niespełnione ambicje,未实现的野心,志向未實現,果たせなかった野望,충족되지 않은 야망,Unerfüllte Ambitionen,Ambitions insatisfaites,Ambizioni inappagate,Giderilmemiş arzu,Be nem teljesült ambíciók,Невтілені амбіції,Tham vọng không được thực hiện
mind.hopes_for_the_future,,Надежды на будущее,Hopes for the future,Hopes for the future,Doufá v budoucnost,Esperanças para o futuro,Esperanzas en el futuro,Nadzieje na przyszłość,对未来的希望,對未來的憧憬,未来への期待,미래에 대한 희망,Hoffnungen für die Zukunft,A de l'espoir en l'avenir,Speranza per il futuro,Gelecek ümidi,Reménykedik a jövőben,Сподівання на майбутнє,Hy vọng vào tương lai
mind.king_cursed,,Король проклят Матриархом,King is cursed by Matriarch,King is cursed by Matriarch,Matriarcha proklela krále,Rei amaldiçoado pela Matriarca,La matriarca ha excomulgado al monarca,Matrona przeklęła króla,君王被女教皇诅咒,國母詛咒了君王,王は女家長に呪われている,왕이 총대주교의 저주를 받음,König von der Matriarchin verflucht,La Matriarche a voué notre monarque à la damnation,La matriarca ha scomunicato il monarca,"Maderşah, hükümdarı lanetledi",A Mátriárka megátkozta az uralkodót,Монарх проклятий Матріархом,Nhà vua bị Trưởng lão nguyền rủa
mind.loyalist_in_battle,,Лоялист в бою,Loyalist in battle,Loyalist in battle,Loajalista v bitvě,Lealista em batalha,Fiel al régimen en batalla,Lojalista w bitwie,战斗中的忠诚派,忠誠派參戰,戦闘中の王政支持者,전투 중인 충성파,Loyalist in der Schlacht,Loyaliste au combat,Lealisti in battaglia,Rejim destekçisi savaşta,Lojalista a csatában,Прибічник у бою,Người ủng hộ trong trận chiến
mind.kaiden_brave_king,,Храбрый король,Brave king,Brave king,Udatný král,Rei valente,Monarca valiente,Odważny król,勇敢的君王,驍勇善戰的君王,勇敢なる王,용감한 왕,Tapferer König,Monarque brave,Monarca audace,Cesur hükümdar,Bátor uralkodó,Сміливий монарх,Nhà vua dũng cảm
mind.varns_peace_king,,Миролюбивый король,Peace-loving king,Peace-loving king,Mírumilovný král,Rei amante da paz,Monarca pacifista,Król miłujący pokój,爱好和平的君王,愛好和平的君王,平和を愛する王,평화를 사랑하는 왕,Friedliebender König,Monarque pacifiste,Monarca amante della pace,Barışçıl hükümdar,Békeszerető uralkodó,Миролюбний монарх,Nhà vua yêu hòa bình
mind.tanaya_puppet_king,,Король кукловод,King puppeteer,King puppeteer,Král loutkař,Rei manipulador,Monarca manipulador,Król władca marionetek,傀儡君王,老謀深算的君王,人を操る王,왕 조종자,Marionettenkönig,Notre monarque tire les ficelles !,Manipolazione del monarca,Kuklacı hükümdar,Bábkirály,Монарх-ляльковод,Nhà vua giật dây
mind.makha_trader_king,,Король купец,Merchant king,Merchant king,Kupecký král,Rei mercador,Monarca mercader,Król kupiec,商人君王,經商有道的君王,商人の王,상인 왕,Händlerkönig,Notre monarque sait commercer !,Monarca mercante,Tacir hükümdar,Kereskedőkirály,Монарх-купець,Vua thương gia
mind.many_gaidjins,,Иноземцы вытесняют нас!,Foreigners are pushing us out!,Foreigners are pushing us out!,Cizinci nás vytlačují!,Estrangeiros estão nos expulsando!,¡Los extranjeros nos echan de nuestro hogar!,Zalewają nas obcokrajowcy,异邦人正在排挤我们！,被外來人種排擠了！,よそ者が我々を追い出そうとしている！,외국인들이 우리를 몰아내고 있어!,Ausländer verdrängen uns!,Les étrangers tentent de nous expulser !,Gli stranieri ci scacciano!,Yabancılar bizi dışarı atıyor!,Az idegenek kiszorítanak bennünket!,Нас витісняють іноземці!,Người nước ngoài đang loại trừ chúng tôi!
mind.hated_culture_punished,,Ненавистная культура наказана,Hateful culture punished,Hateful culture punished,Potrestání nenávistné kultury,Cultura odiada punida,Cultura odiosa castigada,Ukarano nienawistną kulturę,可恨的文化受到了惩罚,討厭的文化受打壓,憎悪に満ちた文化が罰せられる,혐오하는 문화가 처벌받음,Hasserfüllte Kultur bestraft,La culture réprouvée est réprimée,Cultura ripugnante castigata,Nefret dolu kültür cezalandırıldı,A gyűlöletes kultúra meg lett büntetve,Покарано ненависну культуру,Văn hóa đáng ghét bị trừng phạt
mind.feeling_of_freedom,,Предвкушение свободы,Anticipation of freedom,Anticipation of freedom,Očekávání svobody,Antecipando a liberdade,Anticipación de libertad,Oczekiwanie wolności,期待自由,期待獲釋,自由への予感,자유 기대,Vorfreude auf die Freiheit,Anticipation de la liberté,Attesa di libertà,Özgürlük beklentisi,A szabadság reménye,У передчутті свободи,Kỳ vọng về tự do
mind.joy_of_riots,,Радость от погромов,The Joy of riots,The Joy of riots,Radost ze vzpour,Alegria pela rebelião,La alegría de las revueltas,Radość z zamieszek,叛乱的喜悦,暴動的快感,暴動の喜び,폭동의 즐거움,Die Freude am Tumult,La joie des révoltes,Felicità delle rivolte,Ayaklanma keyfi,A zavargások öröme,Радість бунту,Niềm vui của cuộc bạo loạn
mind.slave_soldiers_1,,Много воинов в городе,Many warriors in the city,Many warriors in the city,Hodně válečníků ve městě,Muitos guerreiros na cidade,Muchos guerreros en la ciudad,Wielu wojowników w mieście,城市里有许多战士,城裡戰士眾多,街には戦士が溢れている,도시 내 전사 많음,Viele Krieger in der Stadt,Nombreux soldats dans la cité,Molti guerrieri in città,Şehirde çok fazla savaşçı var,Sok a harcos a városban,У місті багато воїнів,Nhiều chiến binh trong thành phố
mind.slave_soldiers_2,,Строгий надзор,Strict supervision,Strict supervision,Přísný dozor,Supervisão rigorosa,Supervisión estricta,Surowy nadzór,严格的监管,監控嚴密,厳格なる監視,엄격한 감시,Strenge Überwachung,Supervision stricte,Supervisione stretta,Sıkı teftiş,Szigorú felügyelet,Суворий нагляд,Giám sát nghiêm ngặt
mind.slave_soldiers_3,,Слабый надзор,Weak supervision,Weak supervision,Slabý dozor,Supervisão fraca,Supervisión laxa,Słaby nadzór,松懈的监管,監控鬆散,緩い監視,허술한 감시,Geringe Überwachung,Supervision faible,Supervisione debole,Zayıf teftiş,Gyenge felügyelet,Слабкий нагляд,Giám sát lỏng lẻo
mind.slave_soldiers_4,,Немного воинов в городе,Few warriors in the city,Few warriors in the city,Málo válečníků ve městě,Poucos guerreiros na cidade,Pocos guerreros en la ciudad,Mało wojowników w mieście,城市里有少量战士,城裡戰士稀少,街には戦士がほとんどいない,도시 내에 전사 거의 없음,Wenige Krieger in der Stadt,Peu de soldats dans la cité,Pochi guerrieri in città,Şehirde çok az savaşçı var,Kevés a harcos a városban,У місті мало воїнів,Ít chiến binh trong thành phố
mind.slave_soldiers_5,,Превосходство в численности,Numerical superiority,Numerical superiority,Početní převaha,Superioridade numérica,Superioridad numérica,Przewaga liczebna,数量优势,人數優勢,数の優位,수적 우세,Numerische Überlegenheit,Supériorité numérique,Superiorità numerica,Sayıca üstünlük,Számbeli fölény,Чисельна перевага,Ưu thế về số lượng
mind.cholera,,Оспа,Smallpox,Smallpox,Neštovice,Varíola,Viruela,Ospa,天花,天花,天然痘,천연두,Pocken,Variole,Vaiolo,Çiçek hastalığı,Himlő,Віспа,Bệnh đậu mùa
mind.retreat_from_battle,,Отступили из боя,Retreated from the battle,Retreated from the battle,Ústup z bitvy,Retirou-se da batalha,Se ha retirado de la batalla,Wycofano się z bitwy,从战斗中撤退,從戰鬥中撤離,戦闘から撤退した,전투에서 후퇴함,Aus der Schlacht zurückgezogen,A fui la bataille,Ritirata dalla battaglia,Savaştan çekildi,Meghátráltunk a csatában,Відступ від бою,Rút lui khỏi trận chiến
mind.king_apostate,,Король отступник,King apostate,King apostate,Odpadlý král,Apóstata do rei,Monarca apóstata,Król apostata,叛教者,叛教,背教者,변절자,Apostat,A quitté sa religion,Apostasia,Dönek,Hitehagyott uralkodó,Монарх-відступник,Nhà vua bỏ đạo
mind.we_cursed,,Нас всех ждет смерть!,Death awaits us all!,Death awaits us all!,Všechny nás čeká smrt!,A morte espera a todos nós!,¡Nos espera la muerte a todos!,Wszystkich nas czeka śmierć!,任谁都难逃一死！,我們必死無疑！,死が全員に待ち受けている！,죽음이 우리 모두를 집어삼킬 거야!,Der Tod ereilt uns alle!,La mort va s'abattre sur nous !,La morte ci attende!,Hepimiz öleceğiz!,A halál vár mindannyiunkra!,Смерть чекає на кожного з нас!,Cái chết đang chờ đợi chúng ta tất cả!
mind.fear_of_church,,Страх церкви,Fear of church,Fear of church,Strach z církve,Medo da Igreja,Miedo a la Iglesia,Strach przed Kościołem,害怕死亡,畏懼死亡,死の恐怖,죽음에 대한 공포,Angst vor dem Tod,Peur de la mort,Paura della morte,Ölüm korkusu,Félelem az egyháztól,Страх церкви,Sợ giáo hội
mind.king_is_prophet,,Король - истинный пророк,The king is the true prophet!,The king is the true prophet!,Král je skutečný prorok!,O rei é o verdadeiro profeta!,¡El monarca es el verdadero profeta!,Król jest prorokiem!,君王是真正的先知！,吾王乃是真正先知！,王こそ真の預言者だ！,우리의 왕은 진정한 선지자야!,Der König ist der wahre Prophet!,Le monarque est le véritable prophète !,Il monarca è il vero profeta!,Hükümdarımız tek gerçek peygamberdir!,Az uralkodó az igazi próféta!,Монарх – справжній пророк!,Nhà vua là tiên tri thật sự!
mind.good_events,,Хорошие события,Good events,Good events,Dobré události,Bons eventos,Sucesos buenos,Dobre wydarzenia,无事件,無事件,イベントなし,사건 없음,Keine Ereignisse,Aucun événement,Nessun evento,Olay yok,Jó események,Позитивні події,Sự kiện tốt
mind.bad_events,,Плохие события,Bad events,Bad events,Špatné události,Maus eventos,Sucesos malos,Złe wydarzenia,无事件,無事件,イベントなし,사건 없음,Keine Ereignisse,Aucun événement,Nessun evento,Olay yok,Rossz események,Негативні події,Sự kiện xấu
mind.lord_terrored,,Правосудие для всех!,Justice for all!,Justice for all!,Spravedlnost pro všechny!,Justiça para todos!,¡Justicia para todos!,Równość wobec prawa!,伸张正义！,正義無偏私！,すべての国民に正義を！,모두를 위한 정의!,Gerechtigkeit für alle!,Justice pour tout le monde !,Giustizia per tutti!,Herkes için adalet!,Igazságot mindenkinek!,Справедливість для всіх!,Công lý cho tất cả!
mind.survived_the_fire,,Пережил пожар,Survived the fire,Survived the fire,Přežití požáru,Sobreviveu a um incêndio,Ha sobrevivido al incendio,Udało się przetrwać pożar,烈火烧不尽,經歷火災,火災から生還,화재에서 생존함,Hat den Brand überlebt,A survécu à un incendie,Ha affrontato l'incendio rimanendo indenne,Yangından Sağ Çıktı,Túlélte a tüzet,Пережив пожежу,Sinh tồn sau trận hỏa hoạn